,reviews
0,為什麼換A9一直不能進行遊戲，一直顯示操作錯誤，一按開始就斷線無法重新連接，重新下載也是一樣問題，系統是發生什麼事
1,一直匹配廢物隊友給我，打了6小時都沒升牌，自己輸出也夠，承受也夠，就給我一堆送頭的垃圾隊友，可不可以做一個實力測試，讓我們都能匹配到實力相當的隊友跟對手，不然我要跟大家說別玩了，反正遊戲就那麼無聊。
2,今天一堆人的手機自動跳game，然後輸了還掉星?剛登進去結果又閃退?這要怎麼玩?然後輸了還被判掛網扣信譽?你們每次更新問題都一堆，不改善，又一直出造型，是有多想坑錢
3,三星A9遊戲匹配成功就一直斷連線 請改善 我已經被扣20幾分的榮譽分數了 請補償喔
4,為什麼Samsung A7一直無法連線…… 配隊成功就無法連線，可以盡快改善嗎… 明明網路就很正常啊…還我信譽積分 請盡快改善處理
5,官方啊，你們伺服器維修後我雖然可以玩但我每次進場都很慢很慢，有時候還會卡住，你們不是這樣做的是吧，那這樣老手機的人就得不到好的遊戲體驗了啊，所以請你們趕快改善!!
6,為什麼三星a9配對後一直顯示網路訊號不佳，一直登不進去一直被扣積分，明明我訊號都滿格啊！可以快速處理嗎？
7,感謝最初的感動，雖然過了很久慢慢變了越玩越無力強調是遇到掛機者也是沒辦法那種處罰對牠們來說小意思對我們來說有意義。感謝了2018/12/01跳坑
8,你們東西都那麼貴 不知道錢很難賺嗎？我根本沒按購買 還給我買了 害我好不容易賺到的錢功虧一簣 大牌就可以為所欲為？傻眼貓咪
9,換了三星A9之後不到一天的手機 連續玩五場牌位莫名奇妙配對正常 但V選角畫面卻一直要我網路重連 奇怪明明其他是好的就是玩對戰會重連失敗 還扣我積分30分到現在無法參與遊戲 也掉了至少一個牌位請問這是要怎麼處理
10,到底是再爛什麼新手機信號滿網路滿整天進排位連到要我手動連接還連不上去，連到重新下載，還趕扣我信譽積分，是不是要我每次玩都要重新下載蛤
11,我希望排位機制能改一下不要在讓大家一直搶角了，還有麻煩改一下批配機制不要連勝完就讓人一神帶四坑
12,Samsung 機的問題都不回覆？可不可以處理是一回事，至少讓我們瞭解是怎麼一回事 每次玩都要先清資料……只能玩3場，然後又要清一次。 另外一個問題，什麼叫專案安裝？這Samsung 機一直出問題是否有關連？評論裡出問題的幾乎都是剛換手機的誒
13,遊戲中無預警跳出 說有新版本更新 來play商店看根本沒有 試了四五次還是一樣
14,一堆送頭掛機玩家 檢舉又沒什麼用 只有整場都掛網的才會被扣分而已 單人玩家很無奈 遇到四排的被聯合檢舉 就莫名其妙被扣分
15,一堆腦落不處理嗎檢舉有用嗎官方做假的是不是，這遊戲遲早便成警察局的頭痛
16,這遊戲說好的平衡呢？怎麼敵方神隊友我方豬隊友，還是平安京比你們優良，只會讓人不爽的低能中二遊戲，現在他馬的改版改到我整個都不習慣，傳說真的是越改越爛
17,一直輸是我爛還是你們做的爛 要不要給我一個十連輸的稱號? 我遊戲名是（GG惡魔大大） 你們大家都可以查 Garena公司要公平一點ㄚ
18,打到一半斷線 從新連線 打完了 卻無獎勵 那乾脆不打就好啦！ 小提醒 也說斷線了 會幫從新連線 結果咧！ 爛 就是爛 平安京還比較好玩
19,把進攻 撤退 集合 改回來好嗎... 爆難用 然後更新完變有夠卡 跳舞系統是三小 不優化遊戲體驗 搞一堆有的沒得
20,三星A9為什麼按準備之後進不去選角畫面？一直說網路重連中...但不管重開機什麼的，都還是進不去，信譽積分就一直扣，真的無言...
21,不要一直怪隊友拜託 我手機爛，把所有東西都調最低之後才能玩，而且每次還都比別人30秒才進去，還不是爬到A排，這遊戲真的是靠實力的
22,Samsung 2017 A7， A9 完全無法開戰 位置未知連接錯誤 為什麼 以前都沒這問題 換手機就有了
23,換了三星a7在按組隊後就一直斷線重連，也連不回去，積分扣到不能玩，可以趕快改善嗎
24,換新手機三星a9後後進入遊戲按確認後就一直無法連線次服器……移除後重下載後會變正常可進入玩遊戲，但遊戲登出後再進入遊戲問題又來了……
25,打牌位打到一半突然寫網路問題但網路明明好好的這樣還扣我分數明明就你們的問題到底我為什麼要被扣給個理由好不好官方？
26,白痴玩家一堆，腦殘更多，能不能更新時也改一下別跟智商低的玩家用在一隊，只會讓人不想玩傳說而已，麻煩官方自行考慮
27,我用Samsung Galaxy A9 匹配完之後馬上跳連線失敗，網路100%沒問題，重開機也連不上，信譽積分快都被扣光了，請快處理，也把積分還給我
28,舉報沒有用，遊戲又lag，又多bug，匹配後又每次都過了十幾秒才能開始選英雄，倒計時還有十多秒就開始了，真不知道這公司有沒有用心過
29,我希望你們。可以把言語辱罵的人給封鎖起來。好不容易找到時間可以玩了 因為很久沒玩 所以先去玩了3VS3 就被自己隊友人嘴半天。唉 希望你們公司能處理處理言語辱罵的那些人
30,到底什麼時候改進新款手機無法連線對戰被扣信譽分數的問題，賺這麼多錢改進動作如此慢?
31,都匹配給那種國小生看不懂字的那種 請問能把這遊戲改成有年齡限制嗎？😩 還有遊戲多了那些跳舞的我覺得都是多餘 或許這可能是想賺錢什麼之類的但可能會有反效果😒
32,前期你遊戲自己關掉怪我掛網輸出32％坦傷25％你說我沒在打隊友在送打個屁啊狗遊戲還扣積分甚麼鬼評分還掉我星吃我一張敗方 MVP卡
33,更新完後玩傳說，為什麼有時會有朋友們但有時又看不到所有朋友在為什麼呢，常常說我網路不好，但是我玩任何遊戲好暢順，有時入傳說遊戲 所有的朋友都不見了為什麼呢？我都知道你們的更新是為了玩家着想的，但是這次更新有好有好多漏洞希望盡快改善。
34,陷免角色，會把本來有英雄的造型切回經典，建議修改。以及遊戲更新後我的好友名單消失了，重新加好友又顯示已為好友……都不能組隊打，請近期內修復
35,能不能改一下公會 團長長久不上線能否有剔除方案。 還有明明隊友中離還不被扣分是什麼情況 ，現在都只為了賺錢？而不顧玩家的感受嗎？
36,爛遊戲已刪 牌位玩家分配不公 一堆爛玩家 不懂得如何分配 1點遊戲品質都沒有 你他**什麼爛遊戲 排一些垃圾玩家你們不懂得分配嗎
37,更新後畫面一直卡還有時自動斷線，要逃時系統還會幫你往敵人靠過去呢！真是更新了一個好貼心的送頭方式呢！
38,我真的會被氣死每次網路都會頓到底是你們遊戲的問題還是電信的問題搞得這個遊戲難玩死了沒有更好的流暢度嗎
39,打排位打到一半也沒提前通知直接全部退出，應該是整個伺服器都這樣，我的星星最好不要給我掉，打到目前看來贏定了，垃圾公司垃圾伺服器
40,排位打到一半跳出來是要玩家玩什麼，官方你們就是孬種拉沒能力，能不能給玩家一個安心的遊戲體驗啊
41,新模式是怎樣 我玩不了 它一直顯示什麼讀取檔案失敗 然後算我掛機 積分被扣一堆 其他模式就沒問題
42,從頭到尾做同一個位子網路也綠的我不知道為什麼會一直當，角色也不平衡，那些花錢在這個遊戲上的人心很累欸
43,改版後一直跳遊戲不曉得你們是花錢中斷遊戲還是花錢讓玩家有更好的體驗 明明改版前人氣很高卻硬要改版 真的不懂欸
44,媽的 真的是糞game 一堆低能就算了 塔拉是三小 技能會耗費8%血量媽的 也太多 凎用技能還沒打到人就先殘
45,換了三星A9手機後完全不能玩，連續進去排位場就立馬斷線，然後又扣我積分，連一版場也是一樣，馬的咧現在到底是怎樣啦？你們系統現在是換新手機的都不能玩就對了？扣的積分和星星要怎麼賠償啊？回應啊不要裝傻啦，儲值消費還要讓玩家受這種鳥氣嗎？
46,對面5個歷史SS我們隊五個歷史B5怎麼玩還有一個在亂 打野在送頭 玩啥 輔助在練角說別人練角還送頭
47,請問官方為什麼 我的點券再一次登入之後全部都沒了 因為在點卷之前我還有儲值為了傳說盛典的第二篇章 然後我買了第二篇章的勇者聖典 我還剩下大約150點券 但卻再一次登入後一夕之間全沒了 請問官方可以回答我的問題嗎
48,遇到電信小額盜刷 但貴公司客服電話早上打到晚上6點沒有一通會通 到官網客服寫完線上回報 一樣無法填寫 這是不幫客戶處理就是了
49,如果可以不要一直把只會嘴炮的隊友配給我嗎？能不能開發一個黑名單系統，把莫生人拉黑讓我不會跟這些人匹配到？
50,"網路需求太高 滿格WiFi伺服器居然沒有反應，而且有些雞掰玩家掛網,不過聽說官方對這些垃圾和亂檢舉的要罰，可能能把屁孩帳封鎖"
51,什麼遊戲素質隊友爛的跟什麼一樣還實力相同勒馬的想好好提升勝率都不行每場都這樣電腦都比玩家好至少會清兵、請官方好好想想怎處理這些低能配對系統
52,爛網路很好卻說連不上 samsungA9也連不上 是你們的問題，一直被扣分 不改善刪遊戲
53,閃退問題可以快處理嗎？ 只要是新安卓的手機就閃退……搞什麼飛機……要更新就不重視新安卓嗎？那應該要還給我們什麼補償吧！ 到底維修好了沒……也給一下回覆啊 什麼時候要維修好新安桌呢？
54,這個遊戲屁孩太多，直接嗆我們原住民是慰安婦，真的沒有惹到他，系統只給警告？我真的不懂你們怎麼評斷事情的嚴重性。
55,我用Samsung A7 2018 玩傳說對決時，叫我要檢查網路連結，但我用其他應用程式網路都是好的，很多人都有這個困擾，希望傳說對決官方可以解決這個問題
56,刪除爛遊戲了 根本沒在審查就亂扣人積分 系統都偵測到沒給掛機獎勵，結果檢舉也沒回覆扣對方積分
57,每次打牌位怎麼都是配到不會玩的低端，害我打牌都打的很心酸，尤其是掉星的時候還差點把手機折爛，結果害我段位低到爆
58,笑死我網路滿格你們說我未知網路錯誤害我怎把掛機刪了無聊死了這種遊戲竟然能紅BUG一堆
59,更新玩遊戲跳出來進去還不給玩 一直跑配對錯誤 然後掉一顆星 品質還是一樣爛 反正也不會有人回覆 那這遊戲可以收一收了
60,遊戲更新後 畫面被瀏海手機 擋住視線， 請正視問題 因該 或是可以多選項 讓玩家調整畫面 我的手機是 poco f1
61,儲值越多的人每次有活動抽什麼都要花很多錢抽 沒儲值過的 一堆1抽2抽就重 神秘商店抽打折也是 我有儲值的帳玩那麼久 沒抽到過1折 我沒儲值的 一直抽到1折 平衡一下好嗎 遊戲公司？
62,如果不要有留言會更好，因為有人會因為輸了而情緒不佳而一直漫罵，另外在 榮譽積分方面 也有人常常是假投訴 但是你們也都接受 讓我們玩家覺得很無言
63,目前貴公司是否針對三星a7和a9做出特別設定？不然怎麼都會一樣問題，配對後就斷線。可否請貴公司，註明那些手機型號不適用貴公司遊戲，以免玩家對貴公司的誤會，不滿。謝謝
64,明明網路很好，但開使打團了只後整個超卡當的，根本沒辦法玩，我看影片滑ig都很順但就是不能打傳說
65,你們閃退 什麼時候要處理… 打到一半閃退 重回遊戲又跑那麼慢 回來都結束了== 還被判定掛網扣積分 真是夠了
66,為什麼維修的時候不是在原本的凌晨，偏偏要在我們要玩的時候在維修， 大部分玩的都是學生早上要上課晚上能才能玩 就因為晚上維修讓很多人無法玩 而且還沒辦法 簽到!非常的誇張
67,怪了 底下的留言很怪！配對到鬼隊友？如果你偶爾輸一兩場說隊友爛還說的過去！如果每次都輸你難道都不會覺得是自己的問題嗎？這麼巧？每次配對的對面都強你隊友的爛？
68,"至從更新2.0之後的版本卡頓問題嚴重，容易lag,越更新越lag請趕快優化改善，要不然真的想改玩平安京或王者之類的遊戲"
69,"我是三星A7(2018),匹配成功後完全進不去選角畫面，連線三場都這樣還被扣信譽積分，一直重連伺服器失敗，到底是什麼問題？"
70,很常卡在匹配畫面進不去 害我的信譽積分掉到80以下 手機是Samsung A7 現在想學黑橘？
71,維修過後 還是沒改善a7的問題啊 進去打排位又斷 又自動重連 又連不回去 是真的有在維護嗎？
72,這遊戲最失敗的是排位的配隊設計 等級亂配 狗屁配隊模式 這遊戲早晚被市場淘汰！掛機也非常泛濫！整個遊戲都在擺爛！
73,那個請問為什麼我有時候登入的時候常常出現黑色畫面，然後登不進去？可以改善這個問題嗎？請問你們有在理會投訴的人嗎？你們做工作是這樣做的嗎？你們至少回覆一下吧？
74,我自己雖然才玩了3個月，但這款遊戲帶給我非常完美的遊戲體驗，遊戲裡的角色以及地圖都設計的十分精美，每個角色都有自己的特色，幾個角色之間還會有關聯，雖然我只是一個新手，常常被對手虐爆😂😂😂，但【傳說對決】是我最最最喜歡的遊戲。
75,奧義被你們搞不見結果還了也只還各三顆這叫有還？無言大家一起投一星吧怎麼沒品質的遊戲給他下去
76,遊戲亂處罰人。問題一堆，只要現實的朋友3個就能檢舉你，玩傳說到不如玩王者榮耀。
77,不是我不想給五星，只是這網路讓人不敢恭維啊，每次改版網路就爛到他奶奶的人物技能延遲，打到後面就亂飄害我玩不好又被扣信譽，唉…等你們真的有心改變網路問題的時候我會改五星的。
78,為什麼要這樣對我一場遊戲閃退加被斷線而且都在排位是怎樣然後還會被扣信譽這到底為何第3次了這的很x誒
79,希望可以用個平手 讓雙方不加也不扣 不然有時打太久 都贏不了 很無奈 還有點查看雙方裝備 會閃退
80,傳說公司你們員工老闆家是死人嗎？耖配那麼四個豬隊友打牌位都我mvp狂送一堆 而且狂送頭的勝率不會掉開外掛，你們都不抓是在敲碗吃飯的。真懶惰的員工悲哀0678
81,三星A7進遊戲正常，進到配對成功畫面就自動重連，連不上還一直說網路不穩，明明網路正常，都把信譽積分扣完，這還要玩嗎
82,為什麼更新完我的帳號不見 我是用fb綁 儲了1000多元以上 名字☆呆萌♡魅☆ 幫忙一下
83,遊戲不錯，建議可以讓我們在進牌位前事先選定路線，減少因路線爭議而導致不愉快，嚴懲中離或被多次檢舉玩家，給予優質玩家良好遊戲品質
84,爛遊戲 每次更新沒一次準時 打排位說網路異常 閃退閃退在閃退 換了三個網路還在跟我說網路異常 請問是什麼意思 官方可以出來說明一下嗎 還有遊戲承諾是怎樣更新沒準時過的 傻眼
85,換手機A9就沒辦法連線，網路滿格但被退出遊戲場，一直連不上去，明明就是你們這邊的問題，卻扣我的積分是怎樣？遊戲是要倒了嗎？
86,一直閃退爛死了又容易死機解除安裝又重新下載麻煩浪費時間真的是爛死了網路4G滿格網路很好為何還這樣手機也好好的也沒開什麼的就一直這樣真的很爛很爛欸真的是爛死的遊戲
87,爛死了，網路滿格也在當，不要說其他遊戲了，更新前也不會這樣。那個跳舞系統到底有甚麼用我不懂誒，用那些有的沒的不如去 改善網路
88,最近用手機開遊戲配對之後一直被斷連結是怎樣，訊號全滿，還顯示網路不穩？伺服器的問題還是我的，不懂欸，然後還一直被檢舉掛網，我也是醉了
89,幹你娘 打牌位 給我安排垃圾? 觀念差 一堆掛網 怪隊友 又送 垃圾G社可以安排跟我實力一樣嗎 不然我真的很難做人 很難到我想目地 還有流暢度給我改回來 爛死
90,今天我玩一場 網路沒問題 進去之後說網路斷線重連 馬上重開之後無法連進去排位賽 甚至直接吃我星星 請問這遊戲還要不要讓人玩?
91,目前換A7手機下載當天玩ok，下線後隔天就出問題，為了測試是手機問題還是網路？就這樣一直試信譽分掉到60分。 原來A7手機玩結束之後記得去清除資料，下次要玩就可以正常，不知道是遊戲不支援呢？還是手機問題？ 目前都是遊戲玩完結束直接清除資料。有沒有解救的方式呢？
92,系統越來越不穩定，還拼命吃資源，即使網路滿格仍出現高pin，造成操控延遲卻不見改善，看來貴公司有淪落到只想賺錢卻不想做好遊戲的廠商了 18/12/05 貴公司能搞到連登入都無法登入還真是首屈一指的遊戲廠商，看來你們的防駭程度該提升了！
93,開始遊戲時就一直重連，而且又一直進不去，重開遊戲也沒用，我相信不是只有我有這個問題，你們一直不解決也沒關係，我就看到時候會有多少人因為這個情況而刪遊戲
94,玩家素質差 全都屁孩 很氣 然後官方也不處理 且檢舉沒用 如果遊戲素質不改善 我打算退出
95,傳說對決這款遊戲會挑手機 以前拿蘋果7Plus都不會有問題，自從換 三星A7 2018手機都不讓人玩了
96,玩家對戰有趣，需熟練角色即時操作反應，排位系統應該讓玩家預選主要以及次要路線，媒合組隊上才不會有問題，信譽系統需要在嚴格點。
97,封鎖系統機制是不是有問題 線上客服好幾天沒回應 敷衍了事的機器人回答方式 難怪這遊戲無法一直品質保證 都被封鎖了 還查得到名字嗎？ 客服是不是都機器人啊 也沒告知封鎖原因就直接鎖帳號 檢舉系統一樣沒有改善阿
98,"我剛換三星A9,手機訊息良好，進入遊戲配後，系統馬上跳出說請檢查網路環境，到底是怎麼了，還害我扣積分，掉等級，還懲罰我，信譽100掉到56，目前被鎖定不能玩，請問要如何賠償我，到現在還登不進去呀……請給個交代好嗎，別置之不理……(已經反應好幾天了，甚至上官網投訴了，根本沒人理會，沒人回應，這種處理態度，唉！）"
99,寄遊戲違規警告信能不能寫清楚哪裡違規，而且為什麼別人上一秒檢舉，下一秒就直接寄查證屬實扣分？效率還真好啊
100,你們官方一改版都不用測試的? 打一半就卡畫面 無故被殺 我換手機還是一樣問題 這樣甘願去玩王者
101,剛把遊戲下載回來玩為什麼很卡，而且訊號滿格還說訊號不好，我拿三星A9
102,你們先現在是怎樣，你們公司害我在排位一直閃退，害我掉星，結果你們現在把我列入觀察名單，你們不覺得你們很惡劣嗎，我會適情況，看看需不需要告你們，侵害我權利，還這麼囂張
103,匹配到底有什麼問題，一堆智障隊友到底怎麼玩，順逆風都開送，自己失誤怪隊友，是怎樣，傳說要倒了嗎？問題有在看？？嗯？拜託貴公司管一下那些智障好嗎？只會做表面，不會覺得良心不安嗎？還是覺得只要賺錢就好了，嗯？
104,不要因為跟某公司「合作」就被牽着鼻子走，你們要創造出屬於自己的風格，屬於台灣的手遊。期待你們下次更新，不會再站在某手遊的陰影下了。而且你們是有改進的，因為另一個手遊是完全不會改進，看女英雄就知道了。台灣加油～
105,爛遊戲，牌位一直遇到垃圾。檢舉又能怎樣？還不是一直掉星，10場只有1場是好的，只能祈禱下一場是正常的
106,dllm 不停lag，好心整一整啦，滿格wi-fi係咁彈game，想打鋪都唔得，除咗出造型仲識啲乜，難怪比人叫做垃圾game
107,我真的很傻眼想打個牌位自己跳出去閃退是怎樣==害我掉星星還有隊友你們能付什麼責垃圾遊戲==你老師的
108,更新完超卡，有一場我跟朋友一起打，開場後結果他跟我的場次分開變成不一樣兩個場，我的朋友都變電腦人，結果排位都掉分，什麼奇怪bug
109,三星A9参加組隊後遊戲就斷線。還一直扣信譽。到底是有甚麼問題。一直不處理。。問題一直存在。這樣遊戲還排名第一？
110,"糞遊一個，三星A7,A9玩家直接吃屎，反應幾天了，官方跟本沒有要處理，只想賺錢，出一堆造型有三小路用，玩家的心聲你們有聽到嗎？伺服器的問題你們有解決嗎？遊戲越做越爛，虧我之前還花了錢在貴公司上，結果你們公司只會讓人失望而已，退遊退起來。"
111,認真打掉一顆星 掛機打也是掉一個星 認真打完一場的人不就都白癡 排位分數第一名是不是應該不要扣星
112,動不動就跳掉不想想如何把遊戲設計好卻在那邊搞一些有的沒的爛模式爛功能設計者腦子有病嗎?
113,對於傳說新出的跳舞動作 恩…感到每個人都是被槍指這是不是阿?要跳就跳的生動點一復要死要死的樣子，每隻角色都這樣那還不如不要出
114,"這遊戲的配對可以再爛一點沒關係,就只會一直出造型幹，媽的s排都被你害到d 操"
115,可以把（進攻、集合、撤退）這些按鈕改回來或改成可以選擇設定新或舊的按鈕模式，現在這種的某些型號的手機很不好操作，要改按鈕麻煩留後路給玩家
116,網路wi-fi滿格的情況下只要在排好按準備就會給我自動重連一直說網路不穩 等到打完我才進的去介面 莫名其妙被扣信譽積分 到底要怎麽讓我玩這遊戲
117,"我Samsung A7 2018 才買不到3天的新手機,最近換手機改版登入就斷線或是配對就馬上斷線,然後一直說自動重連,也連不上,手動重連也連不上,訊號滿格也開過youtube,fb確認還是有網路,唯獨傳說一直說我網路有問題要我檢查手機網路環境......,我已經被扣到剩55積分了,就算我要累積信譽分數，一樣一直斷線，那是要怎麼玩，拜託快點處理……"
118,我訊號滿格，結果遊戲訊號卻爛的要死是怎樣，說什麼跟隊友打好關係，你們卻讓訊號這麼爛害我玩不了被隊友檢舉是沙小
119,更新後進去遊戲不到30秒就出現未知網路連接錯誤直接跳出去 試過關機重開換其他網路都一樣 根本不能玩?
120,剛進遊戲 就跳出 未知網路連接錯誤 然後重連後又閃退 媽的我連第一波兵都還沒清到
121,Oppo r11遊戲更新完後一直載不進去遊戲畫面而是變成黑屏根本就不能玩，請盡速解決
122,配對後選完角色出現版本太舊或出現異常 之後為什麼我的紀錄全都不見了 請出來說明
123,網路明明很好 為什麼一直說從連伺服器……很爛欸 阿阿阿 希望趕快修好 我用的是A7 2018
124,技術性遊戲快變成台幣戰士遊戲了 新英雄要花錢才拿的到 而且夠無恥的 傷害根本做壞 勇都沒蘇無恥了
125,遊戲好玩，但普遍玩家素質低落 。 打越爛的越嘴砲，完全自信爆棚。 另外檢舉系統只有爛可以形容，形同虛設。
126,11月底 更新完 狂當機這樣是要怎麼玩辣！當機才來扣信譽 還只有在排位場才會出現
127,真的很爛 我每次開始按確定不給我選角 畫面卡在那邊 然後一直算我中離 害我信譽一直掉 這到底是你們的問題還是我的問題 請先搞清楚好不好 一直扣我信譽 你以為我想中離嗎
128,我很喜歡傳說這款遊戲，可是每次一更新，網路卡到沒辦法玩，對我對其他跟我同隊的玩家都不公平，請盡快將遊戲改良到流暢。
129,Samsung A7 2018 網路沒問題其他遊戲也能玩，就是一直顯示重新連接怎樣也連不進去，請重視這問題好嗎
130,現在是怎樣 連登都登不進去 一直顯示錯誤 可以趕快修好ㄇ 還是剛更新完都會這樣？
131,"更新一些有的沒有,同隻愛里服裝要出幾隻顏色?排位名稱也學王者,既然要學王者怎麼不跟他們一樣開發王者吃雞遊戲。"
132,打排位一大堆豬隊友廢物都有跟我實力差不多個屁廢物遊戲希望讓跟排位相同的一起打不然有太多廢物亂打害別人降排位不然全布人都可以上s排
133,三星A7的手機 網路都沒問題為啥一直跑出連不到伺服器的問題，請盡快處理完畢 想打經典和排位賽都進不去 ，然後還扣我信譽分數我傻眼，若想叫我在玩這款遊戲就把它修好吧，順便把因為這問題而被扣除的信譽分數加回，不然直接檢舉
134,三星A7配對成功後顯示沒有網路連線 重跑好幾次都這樣 很多人都這樣 請盡快改善好嗎
135,為什麼更新之後常常在對戰中會lag！而且用wifi或4G都一樣會lag不動，lag時間還長達10-20秒！這樣是要玩家怎麼玩？再來檢舉系統判定真的很沒用，就算檢舉成功扣分也太少，愛掛機的一樣可以配對55或33
136,為什麼換新的手機之後 下載回來說遊戲打不開始一直黑頻 連登入畫面都進不去 可以處理一下嗎..
137,死官方現在我的好友全部都不見了是怎樣，還有動不動就閃退而且還重連不回來，愛里的新造型根本就是換顏色而已還賣那麼貴有沒有良心啊缺錢的廢物
138,官方我想問我今天上午４點多儲值３００點卡為什麼到現在都沒給我我想說等一下結果等一整晚都沒有我確定我是儲對帳號的我包刮小帳也看過了請給我一個交代 我的帳號名字是 真der…hen想 請回我
139,撤退 進攻 集合燈號要用拖移 很不習慣 也很麻煩 要抓到一個剛好的進場時機 燈號要迅速 脫移太慢了
140,更新之後變得很不順畫質也變的沒比以前好請改進，不然平安京可能等著我
141,現在越改越誇張，我連釋放技能都不行了要放技能還得停下來不能走，有時侯走一下就停一下根本玩不了
142,真的讓我很傻眼貓咪 2018 A7一直無法連線伺服器害我一直被檢舉掉信譽積分 爛爆了
143,登不進去，我們約時間要打傳說校園賽結果給我們當掉，我們時間能約的就是這個時候你們來給我用這個...
144,現在更新完就在騙錢了是不是 更新前我驚喜小鋪抽到2折角色28可以買 他們更新完變成98元是怎樣 傳說越來越爛了，越來越過分了
145,傳說 遊戲官方就只會找一些會玩的上去打線上遊戲我就說他們得名啊他們怎樣怎樣怎樣的 你有沒有自己去看一下多少人留言給你們 不去想不去看大家花了那麼多時間心血花錢玩的遊戲你都一直不處理現在是怎樣 剛剛有看到你們的地圖 知道在哪裡 請朋友過去嗎幹掉你
146,為什麼都一直跳出來 還說我沒網路耖 而且還一直卡 我網路還有餒 而且信號還佳 一直斷線是怎樣 拜託更新不要一直出現這個問題 行不行 打排一直輸 而且我打排位已經連輸二十二場 現在起可以把沒觀念的停止他們玩嗎 一直雷 現在又來一堆雷狗 又開始掉分
147,貴公司真der厲害簡單的遊戲竟然有人能玩的像低能兒一樣 貴公司能不能把這種水母玩家先知道這個遊戲是怎麼玩的再讓他們能跟玩家對決 不然就是讓這些水母玩家可以跟自己一樣水平的玩家打不要出來丟人現眼 一堆低能兒真的不知道這個遊戲是要五個人打五個人還是連自己的隊友也要堤防
148,廢物遊戲，隊友不會玩，一堆廢物低能兒在那邊打嘴砲到最後怪別人打不好，戰績比其他人還要差。能不能給點勝率高的，我已經連輸超過五場了，就算用專精的角色去玩還是會遇到一大坨的雷包，贛玩到最後真想打人
149,真的不知道傳說有什麼毛病欸，打遊戲打的好好推送通知，然後網路滿格當到爆，越來越爛不是沒原因的
150,我剛換三星A7，結果剛開始玩還很正常，結果……進入遊戲一進不去，信譽還被扣到五十分，這樣我怎麼玩，請幫我解決這個問題
151,是怎樣啊我已經試了一個禮拜了都無法玩每次匹配時都說無法連接伺服器 網路品質是好的 匹配完後都不讓我進去還說我掛機而扣信譽積分 用玩家對電腦也一樣 現在是在整我是不是啊！ 搞得手機差點被我摔壞 這隻手機是 Samsung A7 前幾個禮拜才買的誒 都無玩對戰 連不上伺服器 網路買4.5G品質良好 就是無法玩 瞧不起我這隻手機是不是！！！
152,我在打牌位 你給我退出說要更新 更新個屁 商店沒有更新的提醒 我牌位不見 你是要怎麼賠我?真的是爛公司爛遊戲
153,遊戲開那麼久了 改個版遊戲連線品質也差到太嚇人 玩別的遊戲都正常 就這個遊戲有問題 太爛了
154,系統優化不夠 對於安卓玩家進入選角永遠都輸蘋果手機 對此絕大多數安卓系統玩家感到非常不公平
155,遊戲自己當掉還扣星………排位玩到一半4G滿格，結果完全不動，很扯！！ 自己系統閃退還扣信譽積分，按對戰記錄又不顯示坑人啊！！！
156,欸欸欸！這遊戲是更新更到壞掉是不是？！ 為何更新完我的積分減少了？ 我沒掛網阿 我網路好阿！ 我都沒有退出阿！ 阿給我減積分是衝啥小叮噹？ 這遊戲是超級不U 要改掉這遊戲的錯誤好不好？！ 這很誇張！
157,到底系統怎麼分配的阿一天到晚不是掛網就是在雷整天玩輸了14場真的很傻眼餒沒給個答案我絕對刪遊戲阿
158,幹 我連WIFI訊號明明很好 為什麼玩別的遊戲都不會怎樣 就你們傳說特別卡 最好快點修復
159,這是怎樣明明已經下載到最新了，系統還是說已公佈最新版本，要去更新，煩死了還有，開始匹配的時候，只要一匹配到人，當全部的人都按同意，倒數數字還在跑，最後系統顯示正在連線，請改進，不然這款遊戲馬上檢舉下架
160,可以把奎倫停用或是大幅消弱，他隱形，完全不知道從哪裡出來，大招隱形還會回血，一進場，脆皮馬上蒸發，你的目的我猜應該是想讓玩家大幅退遊吧，那你可能快成功了。
161,今天是怎樣有的爆p有的登入遊戲畫面卡了十幾秒才能移動溫泉這樣玩什麼
162,希望英雄可以以原價的半價賣出，還有假如自己有一個造型不要了！可以不需要任何點券就可以送別人❍ω❍
163,遊戲時 無法同時使用兩個以上的按鍵 非常卡 不知道為什麼會這樣 我朋友跟我都會
164,只有一句給你們聽 我帳號被盜 你們好樣的封掉 然後在補償 哇耖 我訊號不好 給人檢舉 你們要不要幫我補償一下 一年掛機都沒事的案例
165,請問到底為什麼 我們原本大順風 後來遊戲畫面突然卡住 對面突然贏了？ 我們沒投降而且也才遊戲開始7分鐘 然後戰績原本7/0/0 也變成0/4/0？
166,這個遊戲很好玩 但是為什麼我換手機後無法下載，其他程式都可以下載
167,很多人都練角色打牌位 不然就是掛網送頭 檢舉都沒用 真的不懂經營傳說的人是怎樣評的
168,TMD網路沒問題 進去說網路斷線重連 最後積分一直被扣 講了也不修正 到底給不給玩啊
169,玩到一半被伺服器退是怎樣，重登也沒辦法繼續進行遊戲，然後也要被扣遊戲積分是怎樣爛死
170,廢物遊戲明明網路滿格，卻說網路狀態不佳，不佳個屁，網路接收有夠廢，廢遊戲吃了我三百多高級寶箱，我剛剛玩一場還說我掛網扣我榮譽幾分3分有夠廢的遊戲
171,不懂誒 明明三連勝 然後突然遇到四個連敗的 就直接五連敗了 你們系統不是都連勝配連勝連敗配連敗嗎 還是在搞針對
172,12月11日4點41分當機我重新下載遊戲結果我的所有英雄都不見了這是什麼情形
173,檢舉的存在有跟沒有一樣 而且說好以實力匹配 但根本沒有吧 隊友真的爛到無話可說 輸到快崩潰 就只玩這遊戲結果是這樣特結果 恕我直言這遊戲對現在的我覺得真不好
174,怎麼打完一場，最後讀取會卡住？然後退出遊戲重開才會正常。 而且以前的好友名單不見了，也無法重新加好友。 （使用HTC手機）
175,為什麼更新之後就看不到自己遊戲好友了？ 重登入好幾次都是一樣 希望改進
176,增值完之後 那間lucky驚喜小店沒了! 那跟騙我錢有什麼分別?! 還說剩8天!
177,真的很誇張為什麼明明網路滿格卻不能遊玩很多三星A7玩家都反應為什麼還是不改善呢
178,垃圾遊戲，網路每天都是良好的狀態 卻跟我說異常 要測網路的時候都跟我說出現小問題 到底三小問題啊？！
179,為何她媽完全不能更新，都刪了快2GB的空間了，還一直要我刪東西讓出空間，真的是太誇張了，什麼爛遊戲，從來沒看過一個遊戲更新要花那麼多空間的
180,打個排位 一直爆p 整個玩起來就是卡卡 延遲 頓頓 不能修好一點嘛?? 要玩家打屁
181,我重新安裝後卡在登入的頁面，不管我是臉書.遊客.遊戲本身的官方登入都一直顯示操作失敗，我是要怎麼玩？
182,爛，12/05維修前不能登維修後過隔天一樣都不能登重載重開機一樣，別的遊戲都能登，網路都正常，安卓系統就該死？
183,閃退問題頻繁，載入跟高效能的遊戲（舉凡吃雞）都沒有此問題，尤其是在跑條以及選角介面容易閃退。角色平衡有待加強，應該去思考各段位玩家為何不玩某些角色（綜合近期推出的新角和地圖觀的改動），而非頻繁的改變一隻角色的特性，動刀可以大，但不要複雜。
184,爛的沒話說 網路沒問題一直斷我線 一直扣積分 現在還被檢舉到禁止配隊 真的很爛
185,為什麼我會閃退 我明明玩其他遊戲都不會閃 難道玩你們的遊戲還有買一隻更好的手機? 請快點改善這點
186,今天12月10入game後按完組隊，一直說我未有網絡，一直未能入戰場，重開游戲又入是沒網，重啟電話又說沒網絡，信譽分一直扣，是否好好管理一下游戲品質 2服 名：小丑愛女巫
187,在一場排位中快贏了，結果直接一個大斷線，說什麼要更新 就不能等那場排位結束在說要更新嘛？這樣那場排位不就掉星了！？然後我出來更新結果根本沒要要更新的東西啊啊啊啊啊
188,嗯……傳說開發人員是不是跟海綿寶寶作者一樣死掉了 突然終止就進不去 然後再扣我積分？？
189,真是爛遊戲，因為連線不上去就一直扣積分?不知道是我手機問題還是官方主機問題總結就是爛
190,三星A7連線有問題儘快改善，我推薦A7的使用者可以玩決戰平安京，反正玩法都一樣
191,打個排位爆pin爆那麼多次還害我掉排請官方趕快改進如果狀況有改善在加星 還是沒改善啊打個排位一直爆pin 今天更扯連登都沒辦法登 很好奇有在改善嗎？
192,為甚麼一直近不去，馬的這不是騙人嗎，一點進去只有黑頻，完全沒東西，還不趕快處理，這樣下去只會讓人刪遊戲而已
193,一直沒辦法登入是怎樣，越改越爛，不平衡角色再那邊出跳舞，真的有夠北七
194,可以優化索尼的嗎？ 我的針數會亂跳1 和59 團戰還掉到30幾 用高針模式打這樣太不合常理了，請改善 我是哪XZP 上一帶的超旗艦
195,改版完之後ms 一直亂跳不懂欸是要怎麼樣給玩家好的體驗，可以贏的一場比賽因為這樣變成輸的
196,你們繼續出狗角 出到破產最好 他馬的一個射手蘇傷害前期就已經那麼高 請問你們真的有平衡？ 你們有用腦做平衡嗎？
197,可否跟lol一樣排位先選好職業才打 不想跟一群搶英雄和路的垃圾一齊玩 如果一直都是這樣 這遊戲會變低質 打10場有7場都因為有人搶路而輸
198,遊戲配對機制可以在改進，還有檢舉系統真的爛，跟路人5排，隊友也打的很爛，結果4個路人同時檢舉我就被扣信譽積分了，傻眼……
199,什麼爛遊戲拉每次打每次輸是什麼東西爛官方不會平均實力嘛？？不知道要輸幾場誒？？干脆把這個遊戲關一關了每次玩都每次網路當
200,可以幫忙處理三星A7跟A9配對後斷線的問題嗎？……光是這樣斷線信譽分數已經剩下50幾分！幫幫忙
201,更新好久哦 為什麼更新那麼久 每個都要更新 季節過了又要更新回來 很麻煩餒 想一下不要那麼麻煩 都更新很久
202,玩到一半閃退又一直被扣分 奇怪欸網路很正常啊 閃退三小 都不知道幾次了
203,沒有原因的狀況下帳號一直無法登入，客服留言都不回，打客服電話，都不會有人接，FB線上留言也不回，很有問題的公司
204,我覺得排位更新後的傳說戰力計算隊伍中如果有人掛機是不是可以不減戰力啊
205,花了1300買不到一個造型 沒錢也不是這樣坑玩家阿 而且玩家素質低 一堆雷包 tm的 玩這個不生氣才有鬼 一堆雷包 死不退遊 那麼廢
206,傳說很垃圾我花了一萬多卻抽不到愛李了輝煌難怪現在越來越少人玩傳說了煌 這也太坑錢了吧
207,越來越坑錢 伺服器有夠爛打到一半還會跳掉無法登入遊戲 千萬別載 如果有顆星我一定給
208,連續10幾場都配給我智障隊友是怎樣 看人連掉星官方很爽 ？
209,ㄌㄙㄍㄓㄕ一堆成年人就像國小牲一樣，智商平均值低下，儲狗很囂張，隊友爛到炸，跟本沒素養，儲狗一大堆，雷包滿天飛，糞遊不推
210,匹配的隊友都雷 怎麼打都輸 隊友每場都有掛機的 只有電腦場會贏 牌位一直掉就好了阿 連輸二十幾場了欸
211,在打排位彈出遊戲 明明沒更新又說有版本更新建議退出遊戲重新登入 現在登不入去 是啥小
212,配到電腦玩家太瞎了 官方這種管理模式根本毫無公平可言 檢舉系統也很爛
213,現在怎麼都下載不了APK了？ 請官方給個回覆也順便告訴我AOK要在那載
214,打排位打到一半就把我提出服務器。從新登陸還說我版本有問題 服務器未響應 請給一個交代 謝謝
215,因為我每天玩的時間只有半小時偏偏現在維護現在大家也才剛下班正要玩為什麼不早點維護害我少一場
216,這遊戲很好玩，但是最近遊戲有點問題，以下是我看到遇到最多也最常出現的問題: 1.遊戲一直很卡很當，還會斷線 2.檢舉無效，但對方卻可以 希望官方能改善，不然不但不能抒解壓力，反而會讓人覺得煩躁，不能好好體驗
217,為什麼更新之後進不了遊戲 一直卡在23% 在還沒更新前卡在黑色畫面也進不去 不是手機問題 玩其他遊戲都超順沒有問題 希望改進這個地方 重載兩次很麻煩 我也是課金有5000不希望課金之後這個遊戲被說改版問題一堆不好評價
218,可以稍微修改一下嗎 有時候遊戲開始了可是畫面怎麼按都沒反應整個當掉只能看
219,幹你娘 可以剃出一些智障嗎 襙他嗎為什麼分配到的都是智障 幹你娘雞掰破遊戲
220,網路滿格，連續卡了好幾天是三小啦！？都不敢玩一般跟排位！到底要不要改善？遊戲公司膨脹了嗎？
221,垃圾遊戲，隊友素質有夠差，你們的檢舉系統似乎沒用，就算是改版了也是一樣沒用，乾脆撤掉算了，沒屁用！！！
222,"新的英雄太,強原本是被公平5V5吸引來玩的可是感覺遊戲公司只想賺錢讓玩家買新英雄舊英雄玩不下去"
223,更新完之後好友全不見 重載之後也沒改善耶 可以趕快修復嗎？ 都沒辦法邀好友一同開戰
224,幹這次什麼更新要選角直接崩潰重連又說未知連線錯誤什麼鬼TMD最好賠我榮譽積分喔！
225,不只有我有這個問題，Samsung A7 2018每次匹配確定後，就未連線，麻煩官方盡快處理。
226,我是用2018A7明明網路很好，匹配完就一直重連，不是只有這個手機有問題，很多其他的品牌也有問題，再視而不見遊戲真的會倒
227,Oppo r11s plus 陸版手機原本用apk可以玩 11/29更新後不能用線上更新也找不到apk載點不能玩
228,為什麼我的點捲全都不見了？雖然只有剩下61點但是我不管重進遊戲幾次都還是一樣是怎樣？
229,剛剛開始排位開場了說我要更新不給我進遊戲，之後來看google沒更新檔？
230,改完後超爛！一直出現伺服器錯誤，要我檢查網路連線，明明都沒有問題還連不上，信譽直接不到80==結果現在連進都進不去是怎麼回事？？
231,今天改版後 我原本的遊戲好友都不見了 可以說一下這是為什麼？！
232,我覺得有一點非常引響遊戲體驗 有的玩家進入遊戲較慢 可不可以讓大家同時間進入遊戲呢？ 再不改善我也不會再玩了！
233,我是被朋友帶入坑的，但他們等級太高，所以我很常配到一些跟我等級不合的，不只難打還一直被隊友罵，可以按照等級匹配嗎……
234,遊戲內的玩家素質真的很垃圾，檢舉有用？，一堆因為爛隊友跟實力不均的問題導致一堆人離開，完全不會嚴懲，封帳號一兩天不難吧
235,這家公司專門把，射手、刺客以外的角色搞垮，建議要載這款遊戲的玩家先三思，不要因為造型貴就買，不然會被公司的人當白痴
236,什麼魔法轉盤 用抽的還比買的貴是什麼意思 至少也來個保障吧 我花了1200來抽結果連動作都沒中 請給個表示
237,耖！奎倫這角色是出來幹嘛的？ 能不能有點平衡？ 一個殺全隊的 根本不想玩了 爛平衡的遊戲
238,不好意思遊戲公司有活人在處理遊戲問題嗎？還是遊戲公司都死人阿，排位玩家等級差很遠好嗎12級對上30級你們說正常幹你們自己上來玩阿，廢物遊戲公司
239,排位機制什麼時候要改 都沒在看評論 垃圾G社可以配到一堆鬼隊友我也是醉了
240,花時間遊玩後，一定會後悔的遊戲，最近勉強可以玩，分配制度還是不好。
241,給有錢人玩的 一直出新角 新角又特強 這樣不如把以前的角刪掉好了
242,不給Samsung a7 a9玩是怎樣剛出幾天的手機欸
243,我很認真的玩，很認真的保射手，他不會玩，我還被檢舉 而且你們都沒在看，以為很多人玩，我們這些提出意見的不用看 看不到自己打的字
244,搞什麼啊？跟電腦對戰一切正常，一打經典（搞得我不敢打排位）就斷線甚至還能夠一場斷5次，到底是要搞死誰？檢舉別人只會出現再觀察，自己被人檢舉立刻就扣分，到底還要不要繼續啊~
245,雖然很喜歡這個遊戲，但有可能要麻煩貴公司處理一些遊戲優化的部份，想必一定很多手機型號SAMSUNG-A7(2018)的跟您說了問題點了，麻煩請您盡快處理，謝謝😅
246,每一場一定會有人掛網，舉報跟本沒屁用，可不可以請官方做事，不然這遊戲跟本不用玩了
247,建議在排位選角方面，限定人物到達最熟練才能選取，無最熟練人物，不能打排位。在勝率方面的計算，希望排位是獨立計算，發送勝率時，在排位戰顯示的是排位的勝率
248,遊戲素質低 隊友只看勝率 大家只懂嘴炮 期待這遊戲被屁孩搞壞 遊戲機不平衡
249,我是使用華碩手機的用戶，為什麼改版之後設定中高幀率模式的選項就不見了
250,12月12號維修完 還是一樣顯示網路出問題還是不能夠進去 玩遊戲 搞什麼東西
251,三星A7 進入遊戲配對按準備後 就進不去選角色的畫面 一直被扣信譽積分 請盡快改善
252,排位隊友都很爛配對對面都強的還有鉑金的排位打下來虐人，傳說對決公司你告訴我怎樣才能贏，整場KDA最高也能輸，但對友一直匹配到廢物你告訴我怎樣才能贏，我是傳說對決的忠實粉絲，但是你們讓我失望了，越改越爛
253,希望你們可以不要在把夜叉、愛里、古木等削弱了他們這幾隻角色原本雖然很op像夜叉原被動但也不至於那麼嚴重夜叉原被動只是一對一很強你也要削大不了對野怪無效不就得了還有祖卡現在傷害修太低了吧一個有出物防鞋的射手我打他就變得一套他還有一格血。
254,更新後把進攻撤退集合改成要兩次動作才能發號，87嗎，改成這樣一點都不即時
255,都進排位賽了還退出說新版本沒更新，哪有要更新的版本啦，害到別人也害我被黑……
256,如果可以打零顆星我一定打，這遊戲檢舉根本沒屁用，狗屁檢舉，檢舉一次也才扣那什麼鬼積分，自以為遊戲出的很屌
257,我玩趙雲這角色還不錯 也有玩呂布 我玩傳說玩到現在有很多角色 出的越來越多 何時要出 關雲長和張飛這個角色 我好期待
258,這是一款真正的更新遊戲 第一個遊戲可以讓我更新到190%的 真棒哈哈
259,為什麼麽最近我買新手機會一直讓我閃退，然後又要重新下載才可以繼續玩，然後一下又這樣
260,遊戲實質上是真的不錯，但玩家的素質真的也很差，判定言語辱罵根本無效，也讓人逐漸不想遊玩，未達年齡的玩家真的很多，希望能改善這方面的問題與檢舉系統
261,"越改閃退的機率越大，請問是在改哪一國的!?外掛你們客服不抓?閃退也不盡快處理,是打算一直擺爛的嗎?"
262,一直掉線哦，我才打兩下藍然後我就掉線了，還連不回來，一連回來，又出現連接未知網路，開著行動網路也會斷是怎樣
263,有更新？？排位選好角色，系統跳出來叫我更新但是都沒選項，重開也好多次，也是沒有，解除重新安裝遊戲後，帳號整個不見變成新號，這是？？？
264,打到一半就給我跳出然後說什麼要更新？？？？ 欸辛辛苦苦打你這個遊戲卻這樣給我搞，是不是爛 煩死了掉排好不容易要回去...... 趕快刪檔好了破爛遊戲。
265,又斷線 好死不死 這場輸了又要掉牌位 煩不煩 怎麼補償 官方都不敢出來交代
266,網路滿格，還能一直當 檢舉係統也跟沒有一樣，扣分有用嗎？還不是一堆掛機仔
267,對戰開始，動不了，重開遊戲，進了桌面進不了對戰，網路關掉再開，我進去了，但也輸了，你說我掛網中離，又回來扣一半分數（-2），結果又一封掛網警告（-5），一場比賽扣兩次，而且還是你們讓我卡死的，好險上一場排位沒這樣子
268,爛死了一直連不上去 還被扣積分是怎樣？明明網路都好好的 跟我說不能連上？
269,安卓手機的高幀率模式更新後不見了 希望能有方法改進 我還是喜歡傳說對決這遊戲
270,警告不要太儲狗不然幾年之後就會跟全民一樣只有人在哪裡約ㄆ
271,為何可以匹配到同一人，ID:轉角遇到蔬菜，這人第一次遇到他用蘿兒選制裁掛機，第二次遇到用堇選斬殺掛機，第三次用堇也是掛機，垃圾匹配
272,B3滿星 每次一滿 下一場必輸 隊手都高你一個段位 放棄玩了
273,爛死了動不動排位遇到掛網，拜託改一下懲罰，掛網直接掉排，不要只是掉星扣什麼信譽點，根本沒人會怕
274,是否應該給予惡意掛網之人最嚴厲的處罰無倫何等級是否該退到最低等做為懲罰
275,在打牌位快晉升新牌位時閃退 本來可以好好打的一場被強制登出，請立即改善
276,什麼魔法轉盤 用抽的還比買的貴是什麼意思 至少也來個保障吧 我花了1200來抽結果連動作都沒中 請給個表示
277,更新後高楨率模式又不見了，是在歧視中階手機嗎
278,遊戲好玩，但檢舉系統腦殘，玩坦克吸收最多傷害，也死最多，還會被檢舉惡意送頭成功？
279,排位戰場場有人掛網洗分這樣雷別人還打什麼越來越頻繁五場遇四場排位都這樣
280,三星A9也又有出現這種狀況但其他遊戲都不會 4G、信號都滿格卻斷線要我重連 退出遊戲重登還是一樣 關機重開也沒用 希望能快點解決這個問題 真不懂你們到底在幹嘛欸，從12/1號到現在， 都25天了，你們又在處理嗎？ 我們都知道，處理這些東西很麻煩，但你們至少要回應一下我們的問題啊！這麼多天沒一則回應， 難怪會掉排名！
281,換了新手機就不能玩 是想怎樣 (Samsung a9 2018)
282,什麼電腦編什麼對爛隊友 都給我遇到871除大家不要玩
283,擊敗打個遊戲一直當 已經拿i8在玩了 網路滿格 更新完 完全變垃圾遊戲欸 軟體是不能壓縮是嗎？ 腦子裝肥料？ 還有跳舞是三小？ 工作人員都吃土在寫程式的哦 一堆2486的真的很想刪掉了
284,阿是怎樣？？我新買A7手機，一直重連重連，阿連就算了，連也連不上去，我妹的820都可以正常，阿我就不行？？信譽一直被扣有夠不爽，是怎樣？故意的嗎？😡😡
285,隊友為什麼都是出來嘴別人而已不做事，還實力相當的陪隊我看都是騙人的
286,打到一半突然整個卡住，動也動不了，明明網路很好，不就幸好我打的是經典，希望趕快改進
287,遊戲做的精緻，但有些時候感覺網路滿格卻還有一些不順的地方，我對這遊戲感到非常滿意又開心，你們做的很棒
288,我手機三星A7 怎麼一直無法連線一直重連線害我信譽積分一直被扣 到底是在搞什麼
289,為什麼一直分一些低能隊友給我他們一直膨脹我打的在好有屁用可以分一些同等級的嗎
290,排位很糟糕，常配到掛機和送頭的，完全沒按照程度分組。把拖油瓶送給會玩的隊友，這種制度是要比哪一隊的比較雷嗎？ 角色配音超難聽。 跳個窗就斷線。 轉盤上的佩娜根本裝飾品。 請問這個智障版本為何在打完之後還一天到晚跳要求更新的訊息？工作人員是在混嗎？ 如果Google Play有品質最差遊戲這個項目，你們應該也是第一。
291,"我的手機是vivo x20,這次更新以後遊戲都無法啟動，已經多次卸載重裝了，問題在哪裡呢？"
292,你們看到也回一下好嗎，你們這個遊戲不要一直欺騙遊戲玩家和消費者好不好，一直給別人輸，一直給別人掉勝率，一直給別人卡，一直給別人掉排，也不改動一下，爛遊戲，史上最爛的遊戲，小心點你們，我沒有開玩笑的。
293,垃圾遊戲 更新後爛到不行 打派重進了6次也是要重進 又不可意重開 爛
294,打排位賽能改限制只能專精角色後才能打啊！排位賽遇到不會玩的新手玩家都會輸耶！或是限制此角色要超過200場次以上才能玩。
295,如果可以打零顆星我一定打，這遊戲檢舉根本沒屁用，狗屁檢舉，檢舉一次也才扣那什麼鬼積分，自以為遊戲出的很屌
296,"斷線都重跑100%了,結果卡介面進不去?什麼狀況?還沒跑完遊戲都結束了,一般模式就算了,還牌位,遊戲都這樣子讓人掉牌的嗎？"
297,三星A72018匹配成功後來又說網路有問題 連續好幾次都這樣 這還要給人玩嗎?
298,什麼爛遊戲公司，玩到一半還會當機 去你娘的遊戲中還會失控要更新，爛設計
299,個別手機型號被誤判為網絡不穩 信譽評分無理被減 被遊戲商問題影響無法排位
300,明明就你們的線路問題還要扣我分算戰機也沒獎勵 希望可以改進
301,無緣無故爆ping問題不改善只會越來越少人玩 隔壁平安京這問題少很多
302,不是說更新會改好友介面嗎？ 進去一樣一片黑是怎樣？ 可以盡快修復嗎？ 以前都不會 搞什麼東西啊
303,Samsung A7(2018) 已經換新手機了還不給玩是…!? 一配到就斷線，然後在那邊扣分寄檢舉信!? 給不給玩呀!?
304,為什麼2018三星a7每次匹配成功都說網路問題，每次玩都還要重新安裝，信譽被扣到剩40幾，要我玩個洨啊
305,一直匹配到爛隊友，怎麼玩啊。而且匹配到雷包就算了，兩隊還實力完全不平均，有沒有搞錯啊，都輸了好幾場，一直掉星，希望能改一改，把匹配不平均的問題更改掉
306,搞屁啊為什麼別人罵我是我被檢舉?還成功了!儲值玩這個遊戲被這樣對待，可不可以退錢啊?!
307,你們這個遊戲可以在扯一點沒關係！一直連輸是怎樣？越來越爛...系統根本分配不均！在不改善就退坑
308,傳說掰掰！祝貴公司趕快改善遊戲（雖然不抱期待了），下載這糞Game的人請三思啊
309,課金之後勝率掉不停 隊友變得無下限 隊友除了會送頭之外還會再送更多頭
310,打排位一大堆掛機仔 想好好的上排都不行 希望能夠解決這個問題
311,"可以不要一直出那種要儲值卡才能拿到的好嗎,你們知道沒儲值的人很可憐嗎 （像這次的聖典沒儲值的在旁邊當裝飾品"
312,更新後經常突然斷線 遊戲開始進入不了遊戲 來電時都會這樣發生 十分生氣 請處理
313,模式不是沒限時間，幹嘛又限時，這樣想玩沒得玩，可以全不限時嗎？ 配對惡意掛網的一天超過兩次就罰半天不能玩可以嗎，真煩
314,檢舉系統很爛，明明沒怎樣還無故被檢舉，最傻眼的是盡然還成功了。爛
315,垃圾隊友一堆 限制屁孩不能玩喇幹 屁孩去吸奶 勇.穆加決要改弱
316,我覺得官方能讓腳色都能平衡，而不是為了賺錢失去平衡相對也會失去玩家
317,改版看不懂把冷門的英雄改更爛新出的英雄無敵就是一定要花錢就對了爛
318,如果東西不要這麼貴 遊戲不常自己關閉沒反應 我可以考慮給高分
319,牌位都排到 惡意掛機 隨便玩的 練角 整體遊戲體驗非常不佳
320,今天一直顯示斷線 剛按確認不到3秒就斷線然後無法連回去了 網路測試其他遊戲完全正常 重下載也嘗試過了
321,隊友就再爛一點 公平對戰是嗎 隊友這種鳥樣你說公平 每場隊友都跟殘障沒兩樣 有0星我一定給
322,馬的，奎倫在不改弱要刪遊戲了，攻擊那麼強又可以隱形跑的又快打屁哦？
323,不錯網路滿格4G然後爆p 到460打三小電信別用遠傳貴又爛中華電信跟台灣大哥大是個好選擇
324,打排位又一直閃退 網路到正常還一直退連回來都結束了怎麼玩 打到一半又當機排位很痛苦欸 快點改進好嗎
325,爛死了想要玩加玩就說阿網路滿格你說沒網路害我被扣分？垃圾遊戲。
326,傳說對決就是一個你隊友爛就會一直爛的遊戲你在怎麼強都贏不了你在殺人隊友在送的比你殺的多你五連殺了但你還是輸了的一各真正的戰爭遊戲
327,傳說對決 你去賺你們的錢吧 我不反對 高端場的對決 你們的隨機配對 都是給我那些低端場的隊友 只有一個字能形容 爛 我只能說 我不會在讓其他人支持傳說對決了
328,samsung A7 2018 配對完後會閃退，不能玩，導致被扣積分~請趕快解決問題~
329,馬的垃圾遊戲除了閃退還會幹嘛 每玩一場就閃退 糞Game快點倒害我花那麼多錢
330,到底為什麼都能排到智障隊友 永遠都會拍到低能兒 能不能給我個解釋 然後檢舉到底有沒有用我真的看不懂 低能兒那麼多 檢舉了永遠沒有效果
331,希望可以讓大部份的手機開高禎模式 不然都無法正常玩 整場當到極點 前一個版本還能開 現在卻都不行
332,TM智障隊友每場遇到都打一些沒用的團還不幫扛傷兵也不清讓他們繼續玩跟本是污辱這個遊戲難怪很多人都不玩了
333,配對完成要進去遊戲就一直顯示無法連結 要打遊戲都沒辦法好好打 好好改行嗎
334,更新以後看不到好友，然後更爛，當當的也不是網路的問題，身邊朋友玩的人都一樣，越更新越怪又爛
335,檢舉機制真奇怪，我什麼都沒做也沒送頭也沒罵人，無緣無故就被檢舉，傻眼
336,更新後網路一直爆ping，網路滿格還一直說我網路不好，伺服器是不是有問題
337,2018a7版本的手機明明網路沒問題卻一直跳出來還扣我積分
338,打個排總是遇到渣 批配機制可不可以好點 打的認真 玩的心累 一直輸 低能一群 智帳如雲
339,爛爆 輔助探視野死掉就被檢舉送頭 官方還確認是事實 核准的標準就這麼無能嗎 這樣檢舉還成立 請問你們的標準到底怎麼訂的
340,我D1卡了一個月了不管怎麼打排就是一直輸，這樣會影響我儲職的心情
341,我的手機是Samsung A7 2018問什麼都一直卡在配對畫面？…可以處理一下嗎
342,"不知道是不是我手機的問題，但是只有傳說對決有這問題。 自從改版更新後，進入遊戲比上天堂還難(/""≡ _ ≡)=突然重新開機三次，終於進去配隊成功後，又重新開機了兩次，雖然可以斷線重連，但我真的氣到快把它刪掉了。"
343,請問一下，那如果斷線有回來，是不是會變成掛機？那如果是，讓人家檢舉我掛機，系統就顯示我真的掛機？那你系統還顯示，可以再回來連線，你何必呢？
344,個別手機型號被誤判為網絡不穩 信譽評分無理被減 被遊戲商問題影響無法排位
345,爛爆 要贏一場有夠難 配對都配到一堆沒觀念的 到官網反應改善完全沒動靜 一開始真的很喜歡這個遊戲但現在完全厭惡到不行
346,今天登入原本的帳號不見了 後來要我重新再創一個角色 第一個新手教學結束後又不能登入了 說連接不到私服器
347,"這公司沒救了，快把公司關一關吧！，寧願去玩王X榮X,死都不會玩你這一款"
348,不要下載 他更新完後 會要你再登入多一次 沒有更新時 我一撳入去他是自己幫我進入 所以我沒有記住 但現在他與我在登入多一次他令我忘記了密碼 所以大家不要下載 希望不要再有這個遊戲
349,希望可以讓角色傷害平均點以前花的角就調爛現在新角就調強用這樣的方式強迫買新角跟本慢慢的會沒人要玩
350,爛死隊友爛死什麼匹配系統三小我已經從b3輸到c2我已經受不了刪遊爛系統
351,配對系統有問題，連3場我方遇到掛網，連2場敵方總戰績超過5千場，我方不超過8百，操作視野太小
352,爛死了 奪寶也抽不到好東西 也不能檢舉好友 玩屁啊 進遊戲還是不同時間進去是要怎樣玩 還不改進玩家說的缺點 不如去玩大陸遊戲 這抽獎機率低成這樣要不要快的還我50點券？
353,排位機制 爛的可以 應該是強的配強的 爛的配爛的 每次都一個強 其他隊友四個爛到爆 一個強有用嗎 能一打五嗎 爛的已經很爛 輸也不會叫啦 強的配四個爛的 會幹死 一枝獨秀嗎
354,我觉得很好玩可是我好不容易圣典等级快43了可是等级居然直接没而且苏也没有了还显示圣典获得这不就带表以后都没机会有苏了吗
355,可不可以把屁孩和送頭狗叫他們刪遊戲不要來害人不然直接封鎖他所有帳號不要來著害人 這就是我覺得爛的地方
356,系統可以多設定一個只要掛網就禁止進入遊戲嗎，打的爛就算了還一直掛網，掛網可以升經驗？
357,我叫小火心我一直連輸是怎樣我現在連輸5場了要不要改啦廢死人的遊戲 爛，屁孩又一堆，很愛真對強者，真的是廢到笑的遊戲欸，我建意大家不要下載，你們的廣告也不用發了啦，廢～到～笑～。
358,不想讓人玩遊戲就說啊只會亂改遊戲說什么要讓遊戲平恆還不是在破壞遊戲平恆要改不改要修不修只會亂亂改網路滿格說什么460m排位會掉不只是雷友的問題雷友問題只占三分之一而已遊戲問題占了三分之二，垃圾遊戲
359,希望多數角色可物攻魔攻 希望可以支援單手模式
360,我打牌位突然跳掉 還不給我重登是怎樣 太誇張了吧 想賺錢也不是這樣逼人儲 你們這樣還不如去搶
361,網路很穩滿格結果一玩就爆頻 也不只一次可以修正嗎 玩這麼久一直都沒解決
362,垃圾game 時不時話網絡不穩之後彈game 但明明網路正常 重連 等咗勁耐都連唔到 入左場又扣分 又害人 不如唔好玩
363,配對機制爛到爆我方的都動不動就掛網 嘴砲 送頭爛遊戲 玩家素質也越來越低 每次都有玻璃心的 難怪一堆人退遊 簡稱廢物遊戲
364,伺服器根本對重新連線玩家超不友善
365,今天12:33排位賽有出現異常 影響遊戲體驗 是否能檢查有無問題 無故斷線 從新連線後打沒幾分鐘就直接输了
366,為什麼從昨晚開始我都會登入遊戲後要開始對戰了又被退出 連接不到伺服器 線現在又變成帳號等入不進去一直說帳號密碼錯誤 搞什麼啊 變成都沒信譽了
367,你們狗角可以在出多一點沒關係到時傳說就變成看玩的角色比較狗可以多出點狗角沒關係啦~現在角色葵輪狗到我都要退遊戲了
368,拜託請把低於二十五級的玩家帳號封鎖白痴隊友打個排位賽一直遇到 把新英雄改弱再這樣打下去鐵定都想退遊戲了
369,為何新手機打牌位可以停止回應兩次 改版後三不五時方向鍵失去控制 莫名卡頓 到底是怎樣
370,為何三星2018a7按準備後無法進入 重連又一直卡在那畫面 已經有很多人反應了請官方正視這個問題
371,垃圾糞游！排位分配不均！工程師都白痴！只想賺錢！3年後必退出市場！
372,希望可以更改一下奧義的部分 實在太貴了 肝不出來那麼多錢 期望公司能夠注意這方面的問題 其餘的都很好
373,傳說對決就是一個你隊友爛就會一直爛的遊戲你在怎麼強都贏不了你在殺人隊友在送的比你殺的多你五連殺了但你還是輸了的一各真正的戰爭遊戲
374,爛，什麼更新，優化的爛，網路明明就沒問題，唯獨就這遊戲狂爆ping，其他遊戲順到不行，搞什麼東西，進場時間也一樣，不能弄成大家同一時間開局嗎？有那麼難嗎？還是有賺錢就好，其他無所謂了？
375,我又沒怎樣就一直被舉報一直死就一直被舉報一直送頭也一直被舉報我就新手不會玩高手都不會懂新手的心情新手一直被虐就覺得很不爽有是不能玩也被舉報這遊戲道底是怎樣啦
376,幹你娘吃屎專業團隊 都吃屎长大 舉報也没用 中離是不会管制
377,三星A72018版 好幾次都顯示網路連線問題…… 但我手機上網功能一切正常
378,很誇張到youtube看解說再回來玩整個遊戲就當掉換個裝備也要跑按幾次都一樣
379,有陣子 明明沒有開外掛 卻被檢控扣信譽積分 仲有有一點 特爾安娜絲的被動真的是屎到一個難點 他的二技有沒有什麼的用處 求新增設一些位移技能
380,更新之後，我遊戲進不去，我重登三次，還是卡在100%完全沒進入遊戲，就這樣到遊戲結束，然後我就被扣分了，處理一下吧…
381,冬季改版，讓手機更當，上次全面優化好多了，結果這次又搞地圖，害我都不能好好玩，一直卡
382,有時網路好但會卡在主畫面，不給登錄，嘴炮，掛網的人越來越多，積分麻煩扣多一點，謝謝
383,我打牌位打到一半突然閃退，之後重新連線一直卡在1%是卡什麼意思的
384,嚴重 敵方基地差3下摧毀 突然伺服器斷線然後說有更新 這場排位賽還沒紀錄 怎說得上好即時對遊戲 現在把我帳號刪除掉係咩玩法
385,牌位打完跑數據前 常常13趴閃退 然後沒加星星 快改善啊
386,無良遊戲 玩家素質極低 牌位分段跟屎一樣 失敗至極的遊戲
387,很好玩 但是新英雄瀾的攻擊在更新過後希望可以提高 這是我第一次看到新英雄竟然比不上一般法師
388,打到一半說要更新是怎樣 突然跳出去還沒打完耶 然後之後又要被當掛網是吧 有沒有搞錯要更新至少要提醒吧 突然就不能玩打牌位的要怎麼辦賠我們星星嗎
389,給官方的建議：體驗服應該要連造型都要開放的怎麼只有英雄
390,遊戲除了爛還是爛 設計這款遊戲腦袋的人不知道是不是天才 沒人都給你配一些低能兒 早晚在一波攻擊的 別得意 垃圾客服收
391,垃圾遊戲 更新完直接把我玩很久的帳號砍了
392,好幾次配對成功之後 突然就一直連不上 說手機網路異常 訊號明明滿格 害我信譽積分一直被扣
393,敵人7分鐘就投降 結果我被扣信譽點數 因為我玩輔助 0 0 0
394,可憐一堆爛隊友拜託分配強點的 破遊戲 打牌遇到的隊友一直雷跟孤兒一樣 發明這什麼遊戲根本垃圾
395,全宇宙最爛的遊戲 隨便一個流浪漢做的遊戲 都比你好 你們腦子的水倒出來一半都可以淹沒地球 垃圾不要來做高級遊戲
396,隊友分配真的有夠爛在C遇到曾經S的你們到底會不會分啊？有那麼多錢連分對系統都用不好？？書一局兩局就就算了，居然排位連6輸？其中一堆敵人都有至少A排！我們勒？了不起就B2。能上google play排行榜感覺起來就像google的評審都是騰訊的人
397,排位都故意配爛隊友給你贏一場輸兩場 打了6小時一直卡在同排位 很糟糕的遊戲根本故意害人
398,更新下載完後 安裝時手機自動重新開機 然後出現無法下載遊戲錯誤代碼907 連續三次循環 請修正此次更新
399,請將以前的集合 撤退 進攻 改回三個鍵 不要因為那個對遊戲順暢度沒有幫助的跳舞功能而導致發信號上的種種不便 拜託了 老玩家在此懇求
400,說好的公平競技勒 隊友個個都是雷包 拜託打個排位亂選角 遇到的隊友都雷包對手都Faker你說這那裡公平別人一天爬好幾個段位我爬都都被隊友雷下來我求求你們匹配的係統改好點好嗎不然把雷包封鎖好嗎求你們
401,遊戲剛進去就完全不能動到最後輸了排位賽還要 扣星星然後還要警告我。這是什麼爛遊戲啊 很不爽了還要被警告我已經刪遊戲了我不想玩 這種這麼爛的遊戲如果官方看到我說的拜託你 請改進拜託
402,排位隊友分配真的很不均 連輸到不想玩了 場場逆風開局 有時候能靠自己打贏有時候不能 因為隊友實在實力差太多 不懂單排對面勝率都五十幾以上開頭 怎麼這邊隊友都四十幾 是要怎麼玩
403,我覺得很好玩，但是更新之後為什麼會這麼當，容易斷線，求官方快改 不然這個傳說不久之後就沒了
404,一直被強退，回不去還被扣分，後來還一直說安裝包不完整，改完後還一直當爛遊戲
405,爛游遊戲老是讓人輸，一直陪屁孩隊友給人，不打塔只拿頭，只想當mvp
406,奇怪欸 不是牌位連輸就是隊友掛機 你們要不要乾脆把遊戲關起來不讓人玩算了
407,評分機制有夠爛 掛網處罰也很爛 還出什麼分期系統 整天想賺錢 遊戲爛的跟什麼一樣 掛機罵人 扣幾分跟電腦打個幾場又可以去牌位鬧 一堆傻
408,我有在活動期間預購納克羅絲造型，可是為什麼還是要花710點卷才能得到造型，不能用預購過後打6折的416點卷買
409,妳們做的那種檢舉有用嗎？ 一堆奇怪的人不會玩還玩 我們檢舉有用嗎 可以說一下嗎
410,新檢舉系統 很不歡迎回鍋或新手的意思 不打排位也出事 總之mvp會舉 隊友幾個認識的 手癢也會舉 要不要順便把輔助角色都抽走 喪心病狂了逆。
411,我的傳說一直說網路有問題但我的網路滿格我還被扣信譽積分希望官方可以看一下不然我也不能玩我用的也是Samsung Galex A7 2018官方可以快修復嗎
412,一直卡屏能跟我們解釋嗎很誇張這款遊戲為什麼要一直改花錢買點現在卻不能登是在誇張再繼續這樣下去沒有人會玩了拜託趕快修護好嗎～
413,拜託更正網路訊號好嗎？，明明是滿格，結果每次打排都在460是要玩什麼，出去就被殺...
414,維修前扣我信譽值後來又扣了一大堆讓我等到23日才能打排我看還是玩其他遊戲好了
415,遊戲公司出來講阿排位一直斷怎麼玩連回去都輸了幹
416,"垃圾客服，沒人回覆。 上線對戰，但又不斷說""重連伺服器失敗"", 積分不斷被扣。但檢查網絡又說沒事，重裝又沒用。垃圾！！！！"
417,常常跳機 搜尋不到網路漫遊戲 爛遊戲 自己不改進還怪別人的爛公司
418,一直黑屏沒有辦法進去，重新下載也還是一樣，請問是系統維護失敗嗎？
419,玩到一半說更新但有沒有更新，很糟的遊戲體驗。可能還會被扣積分欸
420,為什麼更新好開始遊戲才給我斷線說網路錯誤是殺小
421,動不動就跳掉，差評 然後扣的信譽還是算我的 阿又不是我要跳的
422,為什麼越更新越當啦！！！還能不能讓人好好玩啊 而且我網路真的沒問題啊QAQ
423,請問為什麼會一直閃退？ 閃退是要怎樣*？ 不是我的問題，手機^系統問題，but被罵的是我欸(？ 請盡快改善。
424,每當進去的時候 突然沒網路 但 要重新進去 卻近不去戰場裡呢？ 廢物遊戲
425,為什麼Samsung A7會卡在配對畫面退出在來一次都一樣可以求解嗎
426,更新後網路一直不穩 常常當 是要怎麼玩 請官方盡快改進
427,更新之後一直閃退還進入平行時空的bug很誇張還不讓人連回去
428,今天上完可剛上線結果在維護 我要領取領取的物品又沒了 不過這遊戲很好玩 希望上線後能拿到
429,打到一半說要更新是怎樣 突然跳出去還沒打完耶 然後之後又要被當掛網是吧 有沒有搞錯要更新至少要提醒吧 突然就不能玩打牌位的要怎麼辦賠我們星星嗎
430,為什麼登不進去 登進去也是全黑 可以麻煩請官方修正一下嗎？ 這樣很麻煩ㄟ都不能玩 解除安裝後還是一樣到底是怎樣啦 可以麻煩盡快處理好嗎？
431,我真心覺得 希望系統可以聰明一點 排100場沒好隊友只有自己一個打的很好 我真的不懂阿
432,希望領好友金錢的功能 可以從比較久的金錢快速領取(7天前 6天前) 每次因為快速領取都從一天前開始 可是之前的都沒辦法先領 都要一個一個慢慢點 每天這樣有點煩人 希望能改進
433,可不可以不要每次排位賽都是低端隊友 經典沒關係 排位賽系統也不看勝率 他媽40%也敢打 雷死人了 你這個系統做好 評分自然高 不然打排位隊友都是腦殘 這怎麼打
434,更新後好友全沒了= =厲害 懶的說了 反正傳說就只能這樣
435,玩家流失就找工讀生來衝線上人數是嗎！？很多ID就像是阿陸開發的遊戲裡的隨機取名機制一樣不可能是正常玩家會去取的 真是可悲
436,這次改版就不能開高幀率模式 希望全部手機都可以開高幀率模式
437,遊戲更新顯示不到50MB 在這裡更新快1G 這是怎麼回事呢
438,跟本就是個爛GAME沒事就亂判掛網，廢物，還有跟本不會排每次排位都遇到不同等級的真TM爛還有官方是啞巴嗎？完全不敢回答我們
439,維修是怎麼樣都不事先提醒 每次都遇到送頭掛網的 玩什麼？ 遊戲本身好玩 不過每次都遇到屁孩又卡 分數真的不是很想給高
440,我覺的體驗的角色都不能體驗是造型已前都可以為什麼現在不行體驗我有這個角色造型也不能在這樣我就不玩這個爛遊戲
441,組隊永遠都是組到死新手，你們到底怎麼配對隊友的，爛遊戲一個
442,媽蛋 一大堆畜牲 低能 這遊戲誰待的下去 快把他們用走 我在考慮回來
443,我覺得打牌位可以改一下 可以選自己的路 不是進去一大堆在搶角色 而且還送 一堆來亂的一直莫名奇妙的掉分！！
444,你們的排位是不是有動手腳啊，贏太多就一直輸每次都有來亂的，你們還敢說傳說是公平的遊戲嗎能讓一些故意多次掛機或在遊戲中來亂的不要讓他們玩嗎
445,遊戲當機重登就算了還跑不進去然後被算掛機還扣了兩次積分最後客服現在還不接單
446,SNMSUNG A7根本不能完啊，網路滿格但我登進去時他自動連線吧啦吧啦就是不能玩的意思，好誇張
447,你們真的是夠了系統自己跑不進去在哪裡怪玩家我一直被檢舉一直被扣分什麼時候要修
448,能不能增設黑名單拒絕接受同隊或對戰阿，一堆人被殺一次就跳遊戲的，還得讓那些人影響別人的體驗，這感覺相當糟糕
449,為什麼用三星A7的都會有這種匹配配對就斷線，害我一直掉積分，根本沒辦法玩，麻煩請人出來解決問題的方案
450,垃圾遊戲 打排位我方全部人斷線 對面沒斷 這樣也要扣我星 真的有夠破
451,Samsung A7 2018一直無法進入遊戲 請問貴公司到底有沒有心要處理 已經很多人在留言區反應了卻一直得不到改善...
452,我剛剛回鍋，是聽到會送角色，玩了一場打不好，被嘴就算了，還被檢舉扣分，很不友善，難怪我當時退了
453,遊戲爛帳號每次莫名奇妙都登入不了也沒辦法從新設定密碼已經從新辦三次了客服更爛永遠沒人接
454,什麼破遊戲啊對面都連贏的我都連輸為什麼隊友都在掛機啊這什麼匹配方式？？會不會太爛了一點你有膽就封鎖我操爛死了
455,為甚麼a7會顯示中斷連線。其他手機卻不會這樣到底在搞甚麼啊拿比較好的手機想體驗看看，卻給我跑出這個問題。請你們趕快改善
456,排位賽拜託不要在玩家滿星的時候給我排到一群低勝率隊友好嗎 難道不能有正常一點的配對系統嗎 等到你們改回來才是我所想要的傳說對決 現在已經不是了
457,白痴喔幾掰一堆隊友不幫忙對方很強叫他們集合不集合白痴不能讓屁孩退游嗎
458,連續五場排位全隊友練角，兩場一般打野掛機，這要怎麼玩
459,請新手玩家達到4級按左上角頭像下方會出現邀請碼請輸入CzL9Dp會得到非常好的限量禮品價值不斐，一起來玩吧，只到12/17
460,這遊戲原本還不錯但奎倫出了之後根本不想玩了，在加上體驗服的新射手本來就夠強了，然後又出嗜血不就不用玩了?
461,可否麻煩在開一次 蘇的活動 剛辦完遊戲 好多人都希望在開放一次蘇的活動 讓12月沒遇到的人 再一次機會 一次幸福的機會
462,"現在輔助都沒有人權是不是，沒有死過而且助攻一堆竟然沒有MVP,一個死了好幾次只是擊殺比較多竟然MVP,MD以前根本不會這樣，現在是怎樣，會殺人就比較了不起是不是"
463,一直卡屏能跟我們解釋嗎很誇張這款遊戲為什麼要一直改花錢買點現在卻不能登是在誇張再繼續這樣下去沒有人會玩了拜託趕快修護好嗎～
464,那個為什麼要連輸的時候不會掛網，要連贏的時候就給我掛網為什麼？ 如果是這樣我大不了叫家人也一起刪掉不玩
465,其他程式都可以用，為什麼會沒有網路，我的網路還是吃到飽欸，難不成a7不好嗎
466,我覺得很好玩可是最近 一登錄 玩遊戲開始卡 然後又把我積分扣的很低 根本就不是我的問題
467,換了新手機samsung a7 2018 玩傳說的時候剛匹配玩一直說網路重新連線我明明滿格……還我3顆🌟拜託改善謝謝
468,到底在幹嘛 不小心按到退出 就說我掛機 勇者積分還全清空 真的受不了了...
469,為什麼每次更新完都會出現bug 我一直卡在匹配的畫面，完全動不了
470,什麼破系統連續五場都給我打都不會打的隊友，拜託都b了可以不要一直這樣亂匹配嘛？說好的雙方勝率50%都是屎根本沒有
471,"打排位打到一半直接退出 說版本更新要退出重連,重新下載還是進不去 還是去玩平安京好惹"
472,處處都是爛隊友可以檢舉一次成功就扣10分嗎？只在呼錢不在呼我們的想法遊戲無法生存很久
473,"為何某些Wifi及在國外不能玩,還有用家裡Wifi訊號顯示紅的卻不會延遲；還有對戰前加載失敗停在1%的問題"
474,想說剛剛好了去打牌位打到一半伺服器關閉又跳掉了 我的星 官方給個解釋環我星來
475,我真的覺得很好玩，但我今天為什麼它突然叫我重新登入我同學的帳號還不見了，希望明天能還我們有的東西不要整個不見，如果不見我會檢舉，拜託不要讓我們失望
476,可以告訴我我玩到30等的帳號變新手教學兩等帳號。。歷史記錄這麼多場該有的角色一隻都沒了。最好能打的出來
477,又更新了大家來裝外掛加我微博公众号492716###给载欧
478,糞game媽的我更新遊戲更新了一個小時都還沒好，幹
479,希望三星 j7 2016的高偵率模式能夠在改回來qq
480,牌位就只要按同意就可以打了，那幹嘛還要用那個東西，還是一樣啊裡面的人不是送頭就是掛機，我覺得你們官方根本就是浪費時間。
481,拜託你們的程式動不動就不回應害我斷線重連結束後又被扣信譽，你們的爛程式害到了許多人拜託快修理改進！！
482,連線品質差，檢舉的判定沒有標準，莫名被扣分回報總是得到罐頭訊息，不好好經營只能說爛來形容
483,新出的奎倫強到一個不可意思啊~ 一個一技能就4200？？ 射手血就6.7000左右而已一刀殘血再一個普攻 直接爆開 遊戲平衡做的真好
484,這是個好遊戲，掛網的處罰不會太重，但碰到不好的隊友是正常的。所以我覺得這遊戲沒有要改進的地方 不曉得為什麼大家要抱怨此遊戲？
485,你們的何服器有問题?打排的時候彈game?能提供幫助嗎?對你們完全失去期望
486,都遇到掛機跟惡意送頭檢舉一直沒成功 別人亂檢舉成功 你們會不會去看 爛遊戲
487,為何我的小帳 鬼鬼(振宇）明明買的是上方的聖典卻變成下面的 官方最好還我點券
488,為何我無法進入遊戲，一點進去就整個都黑的
489,信譽積分一場扣兩次是怎麼，還有隊友玩到一半掛機的也沒處罰，不愧是垃圾遊戲不意外
490,我在遊戲介面點了排位賽，匹配的時候畫面就就出現什麼自動重連，我連選角畫面都沒進去系統就判定我掛機，扣除了我的信用、勇者積分以及一顆星。
491,購買傳說會員得到克里希的造型使用途中，出現未知網路連結錯誤無法進行該遊戲，重複重啟也無法，買造型掉勝率的概念，至少補償要第一時間做到在把敗場移除，到底有沒有心經營該遊戲遲早把玩家會持續減少=.=
492,剛剛我在打校園賽結果伺服器錯誤把我閃退還我們輸了 是不是要給點補償
493,"遊戲如果要做成這樣就乾脆不要做,公司的服務品質爛成這樣,可以趕快倒一倒了,拜託你們不要在做這種遊戲,那些更新跟優化還有平衡跟本是坨屎"
494,最近有夠卡不知道在卡什麼意思的，現在傳說是怎樣維護成這樣就算了，補償沒甚麼誠意也算了，打個遊戲越改越卡，遊戲品質那麼爛，真的覺得可以把公平對戰撤回了
495,為什麼我明明沒怎樣系統一直說我有違規，都已經被扣到沒辦法打排位了，拜託處理一下扣分機制好嗎，不然都玩不下去了。
496,搞不懂早上明明可以玩下午打開時先顯示傳說對決然後螢幕就一直是黑的，是怎樣
497,明明就贏了為什麼我們這隊還是顯示輸了？更新之後並沒有變得比較好啊，而且瘋狂斷線，上線的時候早就掛了
498,明明有網路卻登不進去 一直當機 然後又被檢舉 傻眼。
499,我也是使用三星2018 A7，一直重新連線卻連不上，積分掉光光
500,下午三點玩帳號還好好的 五點登入帳號被洗白，玩這麼久儲也不少就這樣沒了，請官方還原帳號
501,可不可以把撤退集合改回原來的按鈕鍵嗎？新版的很難操作，結果大家反而更少交流，失誤或默契沒抓好更多，還有不要把趙雲再改了，越改越爛
502,這個匹配的系統會不會太爛的點，每次打排二十場有十九場，都有人掛機，該說我倒楣還是分配機制爛的要死
503,會無緣無故扣信譽積分，還說斷線，會快速幫忙連接，卻遲遲連線，結果還是扣辛苦參與排位戰積分，失望
504,改版後變lag卡頓了，如果為了遊戲花俏變得lag，將會失去越來越多玩家
505,登入整個畫面都黑的你們是在做什麼啊，這樣怎麼玩遊戲，這遊戲越做越廢
506,今天傳說有問題，一更新進去好友都不見了，還會自己登出畫面，再來說我中退，扣我5分真的很不爽!😠😠😠😠😠😠
507,剛更新完就一直當機，未知連線錯誤，怎麼重開都是這個畫面，直接刪了
508,為什麼叫我更新又不能更新 一直閃退 我才剛儲值完 遊戲進行到一班把我強制退出
509,可憐的遊戲，我沒有看過有任何一個遊戲可以讓你排位連輸20場的
510,如果想氣死，就可以繼續玩這個遊戲，否則強烈建議換遊戲玩，系統配對，一堆送頭掛網，反應官方只會跟你說儘量讓兩隊差距相當，勝率各50%，送頭也就算了，掛網投訴也沒用，這是代表我隊友都很強可以4打5？？為何不把有掛網紀錄的連續20場都排一起，讓他們也體會一下別人掛網的感受？？消極處理的遊戲，只會出新角色騙錢
511,網路測試都是極良好20到25ms，但每次都按確定進入遊戲後斷線，無法選角，害我一直掉信譽積分，什麼爛品質
512,更新之後 玩死鬥 5v5...一直跟我說伺服器重練我都在網路基地台旁邊玩也是一樣 而且在大廳很當，希望你們可以改過來
513,想說剛剛好了去打牌位打到一半伺服器關閉又跳掉了 我的星 官方給個解釋環我星來
514,不是有優化嗎?玩到一半就斷線閃退還扣榮譽!我很無辜誒拜託讓我有個遊戲體驗好嗎
515,這個遊戲太神了，更新可以到187%，更新類型遊戲!（數據被多吃好多……）
516,垃圾傳說遊戲，每次舉報掛機，嘴炮，罵人都說已警告，警告你個垃圾遊戲好點吧。
517,打牌位賽，被炸掉退遊 重登又一次退 導致我的連勝以及分數掉落 希望可以改善
518,我覺的配對的可以再好一點 因為我的都是掛網 罵人等的隊友 對面強的跟什麼一樣
519,TM每次隊友都雷死了，這遊戲一堆屁孩千萬不要玩這遊戲真的爛死了，造型改顏色教你抽講一次還要100點券。這遊戲一起比較好玩先在玩不推
520,不好意思能幫我像遊戲官方講嗎？ 帳號被盜用所有東西全都賣掉一毛都不剩 能幫我向網路警察掉一下遊戲當時在玩的IP位子嗎？時間22：19~23：07
521,一堆垃圾躺分狗玩三小
522,現在的檢舉系統非常有問題，在某一場我沒說粗話沒罵人沒中望，殺死輔的數字比我雷的隊友更是有，卻會被檢舉成功？現在的檢舉系統是怎樣？
523,我的畫面都是粉紅色的要玩3V3时都看不到英雄在等待打都跑完1～100%大家都開始了我都不能進去我只能掛雞然後就會被扣信譽積分希望這個問題能改善，謝謝
524,傳統垃圾遊戲隊友天線寶寶對手復仇者聯盟打屁排位一堆低能輸出只會送頭怎麼玩
525,我剛剛登入的時候不知為何遊戲的畫面是模糊的，一開始以為是手機還是視覺問題，結果重開機重載後，一開始都正常了，結果在載入大聽是突然畫面破圖一下後又變成模糊畫面了，希望能幫我查詢原因順便解決，謝謝
526,每次剛按準備他就是服噐連不到網路，但網路都滿格的，我的榮譽就一直被扣，還是沒改善
527,不要整天只想著怎麼賺更多的錢 好好改善掛網消極比賽的玩家 不然活該當個過氣遊戲 白痴才會繼續願意在這遊戲上花錢 你們公司內部的人是都學店畢業的是不是
528,敗方MVP卡根本虎懶人的 明明MVP了還不給我用 是在騙人打牌位就對了嗎！
529,現在一直閃退是怎樣 可以改善嗎 這個問題不只一次了欸
530,完全不喜歡，去看看人家王者榮耀的英雄，這裡畫的英雄，皮套有夠醜的，又貴
531,新手有的東西 我都沒有 希望可以改善我在新手時完全沒有一個活動是可以拿到塔拉跟薇拉的
532,剛換三星A7一開始玩都好好的 後來直接斷線不給連?玩其他遊戲都不會這樣就傳說不能連線?被迫中離還扣信譽不會太誇張嗎==
533,隊友素質可以一致麻，超雷躺分掛機一堆，再不改善就退遊了
534,更新之後分數一直不加上去 贏了好幾場都不加分是怎樣？？爛爆了
535,為什麼三星A7打了一場就不能再打了，一直跳出自動重連，連好又跳出連接伺服器失敗，這樣到底要怎麼玩
536,隊友爛每次都害我掉勝率一直雷我 每次花小錢抽到好的造型就會一直輸 是不爽我們抽到造型故意配爛隊友嗎？
537,這更新是來搞笑的嗎? 更新之前有點卡，更新之後連登都登不進去，還有之前去平台寫了遊戲有問題的信希望改善問題，結果是什麼，根本都沒回，真的是不如以前了
538,從昨天晚上遊戲畫面變紫色到現在還沒好，客服處理的速度眾所皆知的慢，連進行遊戲也不行，可不可以請這批工程師滾回去吃自己？
539,下午三點玩帳號還好好的 五點登入帳號被洗白，玩這麼久儲也不少就這樣沒了，請官方還原帳號
540,打排位遇到態度消極的玩家明明就要贏了 。結果只是沒給他MVP而已直接叫別人全按投降。請官方改進。此玩家叫【DEJun】
541,我前天開始玩的 同學帶著我打了兩三場 今天熟悉了各種功能後發現信譽值那邊有被扣過分。。是舉報屬實 而且還是第一天玩的！當時根本連操作都不會是要怎麼犯規？第一天就被扣分 表示森77 (￣へ￣) 再來就是今天登錄 居然叫我輸入名字來創建 差點沒飆三字經（╯‵□′）╯︵┴─┴ 你們就是這樣打擊新手的？
542,打到一半跟我說要更新 檢舉也沒用 爛遊戲 可以刪了
543,無法正常登入畫面上顯示解除安裝重新安裝還是一樣！幫我排除好嗎？
544,畫面卡住，從登又跑2次才進去，莫名被扣信譽真的很無言
545,每次剛更新完地圖就幾天一直爆p可以趕快處理嗎！
546,抗議幻影激鬥的更新 請問為什麼原本好好的要更新有魔王附體 這樣不公平啊 這樣乾脆給對面虐就好了 我很懷疑你們有沒有在想平衡性這個東西還有機率附到猴子 一個沒傷害的猴子可以幹嘛 還不能用技能
547,違規判定的標準是什麼？莫名奇妙就被判定違規而扣分，做了什麼違規行為也無法明確的告知，檢舉時的選項這麼多個，難道不能告知因為什麼原因被檢舉嗎？
548,真的很糟糕，沒有好的懲罰機制對那些嘴砲跟中離的人，一直在增加玩家難度，然後今天又出狀況，拜託請加油，都已經玩到刪五次這遊戲了
549,這個遊戲讓我在忙碌之餘還可以有這麼棒的消遣 和別人組隊很好玩還可以認識不同的人
550,你們官方要多出一點英雄，不然你們会倒。盛典的造型也很好看，希望排位可以不要有那麼多的屁孩
551,這次更新後又只會出現傳說對決四個字而已然後就黑屏了，可以改善一下這個問題嗎？之前也是這樣，這是更新完又這樣。我的手機是紅米note4
552,因為惡意送頭一直被扣積分，但是可以先搞清楚到底是被對面打爆所以才死那麼多，還是惡意送頭嗎
553,為何一直卡在資源畫面，我的網路空間什的都沒問題，為什麼本來好好的突然不能玩，請注意一下好嗎，客服到底有沒有在注意啊，難怪一直被嘴，什麼都沒搞好
554,我覺得一波小兵快拆掉一座塔 奎倫可以在改弱 幾刀就砍死人後期根本不能打
555,打人都不會痛，被打直接秒掉，誰還要玩這爛遊戲啊
556,一堆沒辦法檢舉 分數2.x分一直掛網偶爾動幾下也無法檢舉，麻煩檢舉機制好好檢討，希望下次再次遊玩時能看見你們的改進！！
557,你們遊戲是不是要儲值排位才會配到強隊友鉿！很誇張欸角色還有打不死的
558,有些英雄每次繳掉瞬移的時候，就會回到原地，可以請官方改一下嗎？
559,"我有個提議，能否設定個牌位角色熟練門檻，就是將還未達到宗師的角色不能上場 ，像e排或a,s排可能不用，原因我不多說了，但我希望bc排可以"
560,這個遊戲很好玩 但是三星的手機用戶都會斷線或當機 希望官方能解決問題
561,這麼多人在抗議手機無法連線的問題，官方都沒有出來說明，難道說這就是你們所謂的效率嗎，還有現在的小孩這麼的愛送頭，長期有這種狀況的積分扣重一點，對自己的行為以示負責
562,好棒的遊戲哦，只要有人掛機打牌位照樣給你扣星星！這沒改善永遠不會有人想好好玩！這爛遊戲我跟我朋友都會給一星放心，這間公司很爛！爛到要跟廢物一樣，難怪常常有人說這遊戲沒救了
563,我的傳說一打開就黑屏，怎麼搞得啊我才剛下欸。請改進
564,真的有時候會進不去，整個黑螢幕給我，我檢查過網路還有別的東西，還有請減少罵人的機率，我常遇到一直罵人的隊友，挂網也是哦
565,我想問一下 你們金幣難賺就算了 這我能接受但為什麼要限制賺取金幣上限？請說明原因
566,垃圾遊戲，爛死了，爛隊友隊友一直送怎打，拜託下架好嗎，這什麼遊戲爛玩這個只會瘋而已，官方能下架嗎爛連打5場都輸，排位玩一般都贏排位就輸拜託下架別出一些廢物好？
567,傳說好玩是沒錯，但是這幾次開傳說都沒辦法打開，只能刪掉從新下載，下載要花很多時間，這點讓我不是很想玩下去，投訴過了，沒改進只給兩顆星
568,我半夜用生命在打牌位的，給我連續四場遇到掛機的，可以給那些人懲罰重一點嗎，例如：從b掉c之類的
569,這什麼爛遊戲阿，爛到爆的牌位機制，為什麼c牌會跟D牌一起打，一堆雷包送頭夠了沒，檢舉也沒用
570,這遊戲越做越爛……觀念差的人還是一樣自我感覺良好 連排位分區越低越難爬 這是要讓人怎麼玩？ 一旦掉下去就永遠難爬了……
571,馬的 網路滿格還給我閃退然後快連線進去的時後又給我閃退 給不給人玩啊
572,能不能失敗扣積分1分就好因為有時候有急事就口那麼多拜託了🙏🙏🙏
573,角色不平均，還有排位跟一般場一堆不會玩的，這遊戲根本靠隊友，隊友還一直送，是要我們連輸靠打電腦贏嗎
574,維護完奧義全部被清空是怎樣 奧義要存很久 不可能這樣坑無剋玩家吧
575,這個遊戲無緣無故閃退，我網絡明明連接得很好， 就這樣沒有了 兩粒星！ 麻煩官方修理好拜託！ 不然真的玩不下去了。
576,獎懲機制極差，認真打沒有任何獎賞，掛網送頭的處罰跟比抓癢還癢，打個兩場信譽積分就賺回來了!
577,我真的很想都給你滿分，可是改版更新後也太多問題了吧
578,如果現在不能再訪可登入的話，我希望把他移除，不然有的人會以為可以用訪客登入
579,可以把那些排位掛機的玩家封鎖讓他們永遠不能玩嗎？不然一直掛機，這個遊戲遲早會沒人玩的
580,你們遊戲有漏洞然後系統判定我的問題？？還扣我的積分是怎樣玩一場遊戲遇到問題還要算我衰就對了
581,到底給不給使用三星A7的人玩遊戲 網路滿格說網路有問題?
582,幹自己遊戲網路太爛連不進去，結果三小還要扣光積分？
583,玩很久了突然想打排位，但剛開始的時候很多都沒關念，常看到一路擠一堆人，又有走到對面塔裡送頭的，排位也很多人要搶打野又不會玩一直送養肥對面，這樣子專精輔助的很難打上去誒
584,剛更新一進排位賽就閃退，要玩什麼？重連還連不上去！！
585,可以還一顆星嗎？因為你們更新害我在遊戲中當了，被逆轉
586,更新後每次配對完成都會閃退必須從新登入，影響甚大
587,我照我的方式打但是一直被假投訴，可不可以將投訴系統廢除，不然的話我的信譽一直掉，雖然很好玩，但如果再不改我就刪除這遊戲。
588,希望賽季獎勵可以多一點 像其他遊戲有賽季獎勵都有很多 但傳說相比起來就好像都沒什麼
589,為什麼今天用garena登，他說伺服器已關閉是什麼意思？昨天好好的今天就突然關閉？完全不能登，那我花了那麼多時間在這帳號上面不就前功盡棄了？還是說你們在坑錢？
590,幹妳娘勒對友亂檢舉亂扣我信譽，請問一下齁我哪裡違規了，不要有人檢舉就亂扣好不好爛遊戲
591,"檢舉系統請問是假的嗎?那個積分有扣跟沒扣一樣,要不然就加重懲罰,要不然就收掉這爛機制,只想賺錢的爛公司"
592,排位有很多人自己的已經是S牌了還開小號來打我們這些想升排的，配對可不可以好好配，我們這邊有E跟D但對方全部都是C4這樣合理嗎？
593,剛玩這款遊戲，玩到第三場我30殺結果贏了跳出來不算我場數，我剛剛打的都白打的感覺，怎麼賠我
594,特產不要打不贏就一直嘴 自己廢要承認
595,這確實是好玩的，但是喜歡害人的太多，雖然我只是個低端，但，該怎麼玩我還是知道一點的
596,是不錯玩但是掛網的也太多了裝死的也有
597,我覺得係統判定送頭有問題 不能因為死亡數多但擊殺數少就判定送頭 應該要在仔細一點 不然你想一堆不幫忙的隊友 趙雲打的贏前期就肥得跟豬一樣的瑞克嗎？
598,匹配可以參考最高段位嗎 雖然目前對手和己方段位差不多 但最高段位就差很多 是要怎麼玩遊戲
599,我不知道為什麼有一堆小可愛在下面留一些奇怪的東西，沒實力就閉嘴，被高端電就說遊戲爛，笑死。
600,打牌位都遇到低能隊友是要怎麼打拉? 對手都跟鬼一樣隊友都跟屎一樣，從來沒有輕鬆結束過一場，輔助打到mvp隊友就跟銅牌一樣，我都努力自己上金一每次都卡bo就偏偏給我腦殘隊友，到底為什麼，為什麼啊？
601,最近不管用wifi或行動網路都常常斷線，常常有10秒左右爆pin，而且整場都發生，請問我要怎麼玩？
602,很爛 牌位場根本是電腦操控的 怕你升星 排給妳一些9等呀14等的 牌位竟然是青銅...我都不知道要說什麼了.. 而且不是一兩場 是每一場 圖片我都有保存下來
603,爛遊戲信譽積分規則和排位扣星制度真的爛死，我重連結果還被你們扣，真的傻眼，有沒有在做事啊 斷線重連那麼慢，爛東西，只會搞一堆花招，基本該改善的都不改，可以刪遊戲了，給我好好檢討改善，不然別想多拿一顆星
604,不知道為什麼玩到一半 畫面整個變粉紅色 只看得到角色的輪廓 整場都這樣 傻眼……
605,這遊戲 讚！ 屁孩還是沒被消滅66的
606,關於排位能不能實力平均一點，想好好打遊戲都沒辦法，說什麼平均都50，結果就我一個50以上其他都50以下
607,如果你鍾意同小朋友玩，隻game會令你係玩得好開心 總結: 好彩嘅話你玩得開心，唔好彩你分分鍾會delete隻game~
608,部分角色讓人沒辦法有反應時間來應付 像有時候不到1秒就被刺客殺了，重點還是中期而已QQ
609,連死鬥模式都能惡意掛網，害別人扣分就算了，重點是檢舉根本完全沒用，只意思意思扣5分。很顯然官方沒有心要改善，玩家當然也沒有義務要有耐心等待改善。
610,已經沒有價值性的遊戲了，當初買的造型，後面又出來。已經花了快23萬，奪寶始終都160已上才抽到。朋友都不到50抽就抽到，還一次這樣情況抽到3科，心裡不平衡。
611,能不能失敗扣積分1分就好因為有時候有急事就口那麼多拜託了🙏🙏🙏
612,網路明明就滿格，還斷網，不管用wifi還是自己的網路都一直斷，是要不要給人玩遊戲，是不能順一點歐，被檢舉都你們害的。
613,唉 傳說越改越爛我網路滿格結果還一只卡還被隊友嗆是怎樣
614,我的網路4G為什麼我還斷線啊！ 看個隊友出什麼裝，也斷。
615,靠北！訊號正常，配對完玩家後就不能連伺服器，這2天被扣到56分…………看！
616,匹配的時候為什麼看對面是之前的s排而我方都沒有很高排位的我覺得匹配系統不好，還有在打排位的時候隊友總是送頭、送塔、投降、罵人，讓整個體驗打到不好的狀態希望官方能改進.
617,遊戲每次都會卡頓 然後進入戰場畫面又開始比別人晚了 這叫我如何開心玩遊戲？
618,為什麼無法登錄？我按Fb連線 也沒回應重開一樣
619,網路不穩還需花錢買穩定系統實在太扯了吧！
620,我傳說帳號登不進去，寫帳號異常，重輸fb帳號，進去登入，結果要重新輸入名稱，我怕按了帳號就沒了
621,垃圾傳說要不就直接收滾蛋，要不就不要一直閃退，連續兩次都不用玩？
622,維護個屁，常常也在維護，有比較好嗎？載入越變越慢，團戰越來越卡
623,無緣無故被檢舉還扣分……為什麼嘴砲的人都沒事反而不說話認真打的有事……是你們腦袋有問題嗎
624,隊友都一直送頭要怎打，排位都是不平均的，隊友都很垃圾的人都很強是怎樣，我不想講這隊友差距是怎，遊戲品質極差，每次排位都是雷隊友。
625,什麼鬼我的帳號居然給我不見昨天看還好好的今天帳號不見了我玩了1年多的帳號我要瘋啦給我答案為何會不見
626,垃圾遊戲，連網不穩，掛機廢物一堆，懲罰一點效果也沒有。另外4個還是悶爆掉排位。 還不如去玩京或是王者
627,可以不要一段時間就不給登嗎 下面一直罵遇到爛隊友，你有想過是你太爛嗎?
628,我是一個忠實的老玩家，你們的的遊戲很好玩，只是有的時候屁孩來亂，不過可不可以讓(呂布)這隻英雄用金幣買，拜託 拜託
629,玩到一半自動閃退，然後又扣信譽點數這樣根本就沒辦法玩，可以不要有香港人嗎？ 根本就不會玩
630,請問我聖典到了60級了！為什麼不能抽聖典的命運輪盤？ 錢都花了請補償我！謝謝！處理好給你五顆星！iD: Boriska
631,死鬥模式如果隊友掛網沒有掛網的為什麼還要被扣積分，這樣很不公平，一個人要對付全部還要被扣分
632,我覺得你們違規的評判是不是有問題? 只要別人檢舉都給過是嗎？ 我守塔 0死0殺0輔助 這樣也能被算違規??? 對方自己投降不滿 亂檢舉 也能過…太莫名其妙了吧
633,除了爛不會說，還是玩決戰平安京公平點！打塔沒殺人031的打4隻塔贏了還被檢舉成功，玩個鳥，已刪！
634,沒什麼公平性，剛剛打一場敵方勝出，而且對方根本無敵擺明了有外掛，我卻被扣分說被舉報違規還查明屬實，真是噴飯的可笑，還無法在遊戲中反應問題，爛透了
635,真心推薦的遊戲! 但是我希望官方可以給我一個交代就是為什麼我打排位總是遇到新手然後電腦場打完後又再遇到新手永遠不會能上C......
636,垃圾遊戲 說給拎杯牌位不掉星 結果拎杯輸了 你不讓我用守護星星的卡
637,賺很多遊戲反而變得更糞，玩到一半突然斷線，還扣我信譽，我黑人問號，請問我儲值花錢是得到這種遊戲品質嗎？
638,您好，我是使用小米黑鯊手機，在遊戲內常常有觸控反應失靈的問題，想請您們針對此問題做解決。
639,哈囉 我的好友不見惹 什麼時候要把他們變回來 我已經重登好幾次ㄌ
640,為了A錢出那什麼跳舞，把更重要的團隊指令弄成這樣，每次都會按到返回主畫面，給你斷線，這遊戲輸了就算了，直接破壞遊戲體驗，吃相難看，又用腳做平衡，只能說傳說在走下坡了
641,亂扣信譽積分 全程玩到完整體表現排第二 還被扣是哪招
642,"可以在排位賽加些保護機制嗎?例如隊友故意掛網令團隊輸了,因為這些因素令牌位分下降的人,牌位分不會下降(我相信你們可以令遊戲改變得更美好,加油)"
643,故意都排一些練角垃圾來降低我勝率 只會讓人想刪遊戲
644,櫻吹雪的造型可以便宜一點嗎？拜託 我超想要的可是太貴了
645,為什麼更新之後我就不能進戰場了！卡在選完角色後的畫面！這叫我怎麼玩阿！而且也不回！這什麼更新啦！害我不能玩！爛遊！ 是有機的問題嗎？我用的是三星的
646,我在玩的時候傳說對決突然回程式沒反應，回去時輸了，還被投訴，勝率又被掉，我要求官方賠償，我的名字叫星破，請你們趕快處理好，謝謝
647,到底為什麼打牌位有人掛機導致我們輸了還要掉星 別人掛機是我們的錯嗎？ 我覺得要改進
648,安卓高通的手機有優化，幫推回來!! 建議以後優化以最低讓S625的處理器都能順玩為方向，因為這兩年的中階手機大多處裡器都在S625上下，這樣你們也會評價更好
649,可以不要一直亂同意檢舉嗎 明明就很認真打 是隊友的問題 結果還檢舉這樣
650,可以弄個觀戰好友嗎？還有被莫名被扣信譽積分，標準怪怪的，沒中離沒嘴砲積極抵抗，還被檢舉，結果還真的被檢舉成功，有點不知所措
651,可否在嘛煩一次 蘇的活動 剛辦完遊戲 有好多人希望在開放一次蘇的活動 讓12月沒遇到的 在一次機會 一次辛福機會
652,打遊戲打到一半 就閃退 是怎樣 我手機也沒問題啊 問什麼為這樣
653,請問用三星A7會一直說我網路不穩 一直從連 可以請你們改善一下嗎？
654,WiFi滿格還爆P，遊戲結束後系統就說我掛機，或說我惡意送頭。現在是怎樣，公司不處理好問題，只會怪玩家。
655,這遊戲懲罰機制太差勁了 只要不是牌位每一場幾乎都有人掛機 還有什麼3打5的 也不會被封鎖 只是信譽積分根本無傷害 每次載回來玩都會失望 我更失望我還在上面花錢過 真的越來越差
656,現在是怎樣，每個歷史都A以上，不能以歷史段位來匹配隊友嗎？不然要怎麼跟同歷史的人玩
657,我發現了一件事，就是打排位賽輸的時候回去介面時卡住了，結果就沒有用戰敗卡了，希望能修正一下
658,這是個團隊合作的遊戲，我個人認為非常好玩，很推薦。但是請系統給被檢舉的人好好懲罰
659,請問無法登入是怎樣，一整天都有這個問題，連個聲明都沒發
660,為何沒次玩到一般就閃退我打排欸
661,這麼Lag 怎麼玩壓 高真率模式不見了 遊戲體驗非常差
662,玩到一半說版本更新直接給你斷線是哪招？
663,那一招，斷線積分場還連不回去，開新的場次也不能耍包?
664,單排排位賽的玩家該死 ，老是強的排一隊 ，弱的排一隊 ，想上個B排還要靠運氣 ，動不動就降星 ，隊友不給力有啥辦法 ，系統的配隊就是爛，打不好被檢舉就被扣信譽 ，開外掛的檢舉也沒用
665,我覺得這遊戲很糟糕，明明就大家都有在打，但是最後還是會被檢舉違規，也沒斷線，幫隊友助戰也都被違規，遊戲裡面你們客服人員真的有在看遊戲內容？還是都沒看就直接判定違反規則？遊戲裡面連個客服都沒有~
666,更新遊戲後在遊戲裡測試網路都沒問題 但進入遊戲對戰就ALG 之前沒這樣的 我還花錢得到 克里希限定造型 得到造型一直ALG 想退費了 現在沒有會吸引我繼續玩的理由 希望快快處理好 手機SONY (Xperia XZ
667,欸黑，角色寶箱沒抽到過任何東西，牌位的隊友歷史S比對面歷史A還爛，不如給我歷史A排隊友就好，我還比較開心，
668,一個字……爛，幻影模式角色又不是我能選擇的，只因不會用隊友所選擇的角色就要被扣積分這樣合理嗎？
669,可以不要一段時間就不給登嗎 下面一直罵遇到爛隊友，你有想過是你太爛嗎?
670,操組隊都給我雷隊友是怎樣，還是我勝率太高都排爛隊友才能平衡？…爛遊戲實力分配不均怎麼打？
671,網路滿格人還不能動？以前都不會這樣，不會做遊戲就麻煩不要做，用再好的網路都一樣，這不是很明顯就是遊戲問題？
672,那個幻影激鬥為什麼禮拜一、日才開放，啊我儲聖殿這樣任務怎麼解，是在坑錢嗎，能不能一直都開放啊
673,遊戲本體ok，就只是簡易版的LOL，但是遊戲穩定度很不足，我人就在WiFi旁邊，還可以一直爆ping？難道都把網路配給比賽，而玩家隨便就好？
674,打到一半角色自己一直亂跑！然後就跳出！登進去一直說什麼版本有更新！可是根本沒有更新訊息！一直進不去！結果進去之後什麼都不見了！居然從新手開始！可以把我的帳號角色全部還我嗎？太扯了
675,打排位隊友掛機就夠不爽了。還要扣星！這要怎麼升排位！
676,配對系統再不改這遊戲遲早沒人玩
677,因為要改變地圖和史詩野怪的技能和那超 的地圖 跟本就是抄襲王者隆耀阿
678,我想知道，為啥我的Facebook帳戶突然無法登入遊戲，所有帳戶資料全部消失了，所有英雄，奧義去了哪？帳戶管理不善，投訴不理不睬，不知遊戲商何來面目收錢？
679,我就看不懂 一堆評論說隊友問題 說沒觀念 你就很有觀念 全伺服器就你最強? 你沒當過新手? 除了嘴砲 還能什麼 我也不敢說自己很有實力 至少不會像某些覺得自己【特強】【觀念特好】 的玩家一樣
680,打排位總是遇到低能兒，送頭、掛機，還有自己不會玩且只會嘴炮的可憐小孩，上排比登天還難，舉報機制根本沒屁用，低能遊戲。已退出了，爛遊戲
681,希望還有一次活動能送2張改名卡，如果可以我給5星能嗎？我沒儲很可憐了！我求你啦！
682,你們garena公司是有沒沒有要經營這個遊戲啊屁孩一大堆打到一半跳game 的跳game 嘴隊友的嘴隊友你們出在多角色也是垃圾遊戲就算舉爆他們也只是扣個信譽積分我覺得那干脆別扣了有跟沒有一樣跟你們說你們又不回應那你們公司還是把這個遊戲下架好了
683,沒掛網，沒罵人，也贏了，也不是排位賽，只是玩得不好，卻被檢舉扣分，也沒客服可循問評分標準。這是我目前玩過遊戲中，唯一沒客服的檢舉制度，因該可以得到世界創新獎。
684,傳說下載後一直說失敗 然後點進去只有傳說對決四個字 什麼都沒有 可以處理一下嗎？
685,傳說真的太好玩了 每天回家就開始玩 有時候還忘記寫作業😅
686,有夠爛的，每次玩都有夠卡fps到30幾乎不可能，不優化遊戲，在那變一直做新的東西，遲早會沒人玩的！
687,明明會贏，就是突然給你來卡頓，玩到會想刪遊戲
688,真的很不懂，我剛剛開始玩。別人檢舉我兩場，都通過。我做錯了什麼？想申訴客服打不通。真的是爛遊戲公司欸。儲值可以退錢嗎。檢舉成功通知也沒付申訴捷徑到底在想甚麼？體驗極差
689,遊戲的問題為什麼不補星現在連上線不能登 整人？
690,連打牌位五連敗，沒次都是廢隊友，強的對手 害我勝率只有31而已 需改進
691,非常的棒 雖然有時有點卡 但是角色和技能各個不是美就是帥 但我希望有些角色的價錢可以調低點(￣∇￣)
692,牌位賽匹配之對手不是太強就是太弱 我方隊友也有相同情況，感覺遊戲失去了平衡。
693,一堆人中離 或是只進來排一排就掛網了 檢舉有用? 扣個信譽積分而已誰會怕? 沒有新的辦法來遏止這種人這遊戲大概沒人要玩了 一群垃圾隊友爛到靠北 檢舉了還檢舉不成功 這種垃圾遊戲不玩也罷
694,爛遊戲 玩單人對決對面一定都比我有優勢，是3小 欺負我是不是啊
695,玩到一半被強制停權是怎麼回事，完全罔顧玩家權益，其他玩家權益也受影響，什麼爛設定
696,在讀取時當機後面又一直連不上去再搞什麼害我又被扣分真是冤枉啊！
697,新的英雄瀾，傷害真的太低了，打中路很耗魔，玩輔助又快要沒傷害，清兵超級慢，實用性也不高要非常後期才有點用，說實話她根本不值18888，希望下一次的英雄調整中能看到你們的誠意，不然你們的新英雄就是個垃圾
698,為什麼我買了納克羅斯戰神之賜他卻顯示我們購買
699,真的太誇張，自從（洗白）之後網路都很怪，我的網路很好，但是打到一半馬上變2g，太誇張了
700,可不可以把掛機的懲罰弄得跟英雄聯盟一樣 不然扣分真的不能抑制那些白痴玩家
701,剛開始遊戲畫面就整個卡住 還算我中離 QAQ
702,馬的系統自己當機 還有終離扣分 馬的一次掉星 耖
703,Oppo r15網路滿隔最近每一場都超頓超卡完全不能打的那種==...
704,檢舉到底有沒有用啊？垃圾遊戲，一堆白痴一直害人，你們也不會管，難怪越來越少人玩，爛遊戲不是沒原因的
705,真的是說到做到！我也將評級調成五顆星了👍 未來我還是會繼續支持傳說對決👍
706,爛遊戲網路要路多好才能玩啊每次玩都不能玩
707,我在打排名，系統說要更新直接跳出遊戲，根本沒有更新，爛，我在排明欸
708,玩到一半 結果突然動不了 登出之後就登不進去了！
709,"剛轉遠傳電信，換三星2018A7,遊戲內一直斷線，網路訊號一切都正常，就是連不上，信譽積分都被扣到60以下了，請快處理這問題吧，不要只想賺錢，遊戲品質越搞越差"
710,操組隊都給我雷隊友是怎樣，還是我勝率太高都排爛隊友才能平衡？…爛遊戲實力分配不均怎麼打？
711,說不要讓隊友破壞遊戲體驗但是遊戲自己跳game，最近又進去跑100%了還不讓我進去
712,更新之後全部好友都不見，重新加好友卻顯示對方已是好友，介面完全空的，身邊朋友已經有好幾個一樣問題的了，這樣要怎麼邀人打傳說，求盡快改善！！！！
713,排位打一半直接斷線退出是什麼意思？掉星官方負責嗎？還是給個小爛貨彌補草草了事？官方客服信件寄不出去啦哈哈，不想面對事實？
714,真的無言，明明遊戲沒什麼玩家了，連線狂當機，遊戲也爆P。 反而覺得封測什麼都沒有還比較好，放棄了 ios系統才有資格玩這遊戲，安卓就是該死
715,不是我對這遊戲沒愛，是這排位匹配有夠爛，匹配到一堆沒觀念的低端，怎麼打啊？拜託出點有篩選功能的系統好不好！每次都玩到心很累欸
716,廢物爛遊戲，三小排跳出來干你娘本人不玩傳說了我要去玩平安京了干你娘爛遊戲
717,明明在進步，匹配的隊友卻越來越爛。明明要把角色拉回來還一直自動往前跑，這是哪招？忍很久了，從五星變成一星，請馬上改善好嗎
718,可以強的配強的爛的配爛的嗎？ 你們這樣配。不然你配一次你自己玩看看？
719,今天對戰完會送金幣的地方怎麼沒了？是之後要強迫我們這些無課金玩家儲值是不是？
720,你們就繼續更新 客戶反應投訴都不要回 再一次說明遊戲平衡有問題
721,垃圾檢舉系統，根本沒在罰，爛死了 ，要嘛直接刪掉檢舉系統能嗎？
722,為什麼我換2018三星A9之後一直斷線。重連不上一直被扣分。。剩下不到60分了。什麼問題？可以趕快解決問題嗎？在不處理拿三星 A9的就都不用玩了是嗎？耖排斥三星手機嗎？100被扣到剩下51了。怎麼玩？給個回答啊！
723,zf3偶發性閃退，還可以囉，不過遊戲體驗都被掛網的破壞，2千多場，從遊戲開服以來，人越來越多，但掛網的人更多，公司也無法提出有效遏止的懲罰，扣分而已會不會太輕微?
724,欸！我都沒開掛就有人狂舉報我，你們還判定屬實，害我榮譽值被扣除有夠多分，你們這樣對嗎？ 傳說名字：（失控的半獸人 ） 上
725,明明會贏，就是突然給你來卡頓，玩到會想刪遊戲
726,被圍毆 整場只死一次 被檢舉 然後就被扣分 不懂到底怎麼判斷的
727,每次開場的時候都會跳到主螢幕 要不然就是當機 有夠煩
728,怎麼最近的英雄不是強過頭就是弱到沒人玩 遊戲體驗愈來愈差
729,我以前覺得舉報系統故意送人頭真的沒有一點用可以看一下他的審批 功能？
730,這個遊戲越來越好玩了，只是英雄太貴不然就是造型太貴，希望可以推出英雄6選1的活動謝謝
731,我是用sony xperia xa1的手機，錄影權限之類的我都有開，但是沒辦法開啟傳說時刻
732,"我沒掛機也沒開掛,你記我違規?搞屁,別人檢舉你就記違規哪我以後打輸就跟隊友去檢舉就好啦！"
733,軻峨特濃可凹討開口嗷嗷靠欸尅好靠 喔喔尅他欸腦耨耨偷偷討鬧鬧嗷嗷鬧鬧惱怒腦懊惱懊惱鬧鬧鬧鬧鬧鬧腦內歐耨耨耨耨那你歐歐鬧鬧腦凹
734,垃圾遊戲ㄊㄇㄉ網路明明就滿格卻不能而且還是在打排位時遇到的
735,"我在比賽中因為嫌wifi慢，所以我關wifi,自動轉數據，過程只是幾秒，但你地卻扣我六分！求改善"
736,更新完一直爆pin可不可以不要因為這樣害人一直掉排啊？這樣的方式輸掉真的很不爽
737,我覺得是不是可以把離開遊戲的永久封鎖不然可以向LOL一樣不掉星
738,打排位打到一半 安卓全部斷線 還判戰敗 希望官方把星星還回來 還有補償
739,今天一直斷線是怎麼了？信譽積分都扣光了。換了三星A7手機就一直斷線，因該很多人也有這問題吧～請關注我們一下可以嗎？想玩又當，怎麼玩下去。
740,我是三星a72018只要配對就斷線，一直連不上，說網路有問題，積分被扣不少，但是玩其他遊戲都沒問題，請盡快處理
741,每一場都拼命卡，當機不說還閃退！！被舉報這樣到底怪誰？！
742,我希望你們可以給一些遊戲觀念，這樣，排位才比較容易上分 還有，那些掛網的人，可以自己走動嗎？這樣她才不會搶我們的野怪 謝謝！！！
743,一直更新更新更新 很煩 每次抽造型都抽不到 遇到掛網的屁孩又一直輸 ……
744,快點解決閃退問題好嗎 很爛還這麼坑錢
745,三星A7完全不能打傳說你們到底什麼時候要檢討？
746,幹你娘把瀾改成這樣再不改回來我絕對客訴你們騙錢
747,因為我能上線的時間剛剛好都在維護，害我沒法簽到，客服可否多給一次補簽到的機會和補簽到的金幣呢？
748,我玩了1年多，但突然今天帳號不見，然後我去輸入名字，登進去傳說，是新手教學，而且我儲的錢，也不見了，希望官方能修好已經登進去的新手帳號
749,可以提早釋出更新檔嗎？ 也沒提前公告要更新，突然跳出更新視窗，強制退出，這樣玩到一半是要怎樣
750,我剛剛打到一半閃退 結果帳號就不見了 意思要我重來嗎？ 請處理一下
751,剛登入後帳號不見是怎樣 回應阿官方不處理的話可以去告你們的
752,檢舉系統有問題嗎？ 074這種戰績不算故意送頭？ 還列入長期觀察 是能觀察什麼？ 讓他繼續戳人嗎？
753,無掛網確被認定違規，標準是什麼，還經確定，官方人員有從頭看到完嗎？玩家檢舉你有看嗎？檢舉有屬實嗎？ 違規個屁啊
754,一早出門晚上下班居然進不了遊戲 害我簽到斷掉 到底是三小
755,更新後一匹配成功將閃退無法連結，再不處理付評會越來越多
756,更新後說登出10秒在登入進去好友就恢復了但是我的完全沒看到半個好友
757,對友都配的超爛對方的對友超強，有夠不公平先，我想練夜叉，卻隊友不給力，害我五連敗
758,中獎機率低 遇到掛機狗 天天有廢物
759,更新有用是否？直接閃退是怎樣。跟我說沒連到網路？700多KB/s還不夠？都重連了還不給進戰鬥
760,傳說根本從來都不公平啊，每次配到都低能啟智兒，拜託那些人快刪遊戲
761,你好 我是只愛吃 那個可不可以修復我的帳號 我的朋友都不見了 如果沒有回覆我會非常生氣
762,我也是呢！下載跟刪除超過10次了，但是只有跳出「傳說對決」四個字而已，不知道是軟體相衝還是官方這邊有問題？？
763,都安排豬隊友害我從勝率50掉到43.5 傳說越來越爛 想刪遊
764,為什麼上次維修玩後還是一樣 大家都準備好了結果還是數到0秒就說沒網路 可以請官方給我一個解釋嗎！拜託請快點回覆 我的信譽積分已經掉到五十幾分了。 。。。。。。。。
765,垃圾耖，隊友這麼爛誰要打明明可以打到B，你們怎麼安排的耖，你這樣對嗎？我這麼用心的打，你一直讓我輸，現在是想怎樣，對我不爽嗎？配給我爛隊友。
766,問一件事情 JT打贏AIC，不是有5隻造型打5折嗎 那如果剛出就已經課的玩家怎麼辦？ 幫QQ 能不能送點回饋😭 不過，我覺得這個遊戲還不錯👍
767,遊戲很不錯玩，可以送我iPhone8plus嗎？拜託啊～(希望你們能懂，因為我這台手機快要玩不動了，拜託8plus，也是我的願望，看到要回覆喔
768,之前一直都正常，但昨天開始就變，可進入可以使用所有功能，就是要玩配隊對戰時，就一直顯示“檢查連線環境”，就進不了了，怎麼會這樣？
769,更新完連線一直不穩，今天打了10幾場，隊友不是掛機就是退遊，這什爛遊戲，要倒的意思嗎？
770,是在禁啥言，系統真的是很誇張，公頻打字聊天也有事嗎？也沒打什麼奇怪的，憑什麼禁我言，官方請回答ㄧ下好嗎？
771,為什麼我儲的錢就這樣憑空消失了 我儲進garena了但為什麼遊戲內沒有半張點券？
772,我只是不小心按到主頁按鈕就要被扣分哪招？我可是馬上就返回了耶
773,今天剛換Samsung a7有試打一場 還可以打 結果後來都沒辦法連上線 一直重連一直重連好不容易連上一次後來又失敗 害我一直掉積分今天活動也沒辦法打 可以趕快修好並給與適當補償嗎？一大堆人有這個問題你們還不快解決？？
774,搞什麼啊！維修維修 沒事就維修 有想過登入獎勵嗎
775,作為2018最受歡迎的遊戲 更新完又不能登入 對的起嗎
776,很好玩更新之後進遊戲就一直斷線還被判違規
777,這兩天都登不進去請問遊戲發生什麼事 傻眼
778,更新後變很卡 連打團戰也會爆pink
779,斷線 LAG 樣樣來 讓人家被檢舉到死 垃圾遊戲
780,更新後 一直錯配 連不到線 分都扣完
781,斷線都連不回去就一直被扣分重登之後也是一樣……
782,重新下載變成安裝資料不完整 試了3次也一樣
783,實力懸殊極大，商城物品昂貴，網路要求極高，BUG數目極多，獎品多寡極少，配備要求甚高，玩家素質頗低，嘴砲功力國小，外掛盛行，嘴砲四起，無法忍受的地方太多了，尤其是角色的不公平性，我受不了這款遊戲了。
784,仲要更新幾耐，又唔比個時間人， 冇離踏實，真係好on9編編揀哩個黃金時間來更新。
785,請問？我本來應該有的帳號為何沒辦法登入，登入後...又重新開始了，而且很多遊戲人物角色都是自己花費買的 而且我現在又要重新玩 這樣感覺很欺騙消費者 ... 那之前買的角色不就我要在重新買 不就要變二次消費了嗎？感覺很不妥
786,我希望系統可以用技術來打，不要連贏又連輸，或連輸沒贏，我是有技術差隊友而已，系統希望可以改善，不好意思，我不是固意講的
787,這突然的維修也太久了，晚上的抽獎都還沒抽，本來會抽到佩娜的，被這樣一個維修錯失機會了，補償送佩娜啦！！
788,"爛透了 我覺得這個遊戲很好但是我玩了很久,某一天我登入時我玩的帳號卻重製了"
789,遊戲要開始了為啥跳出（遊戲版本有更新 建議您退出遊戲在重新登入 否則可能會有出現顯示異常的問題）問題退出了還是進不去啊 我可不想到時後打開我們所以勇者積分被扣除蛤。 遊戲都要開始了結果搞出這個東西。。。。
790,(2018)A7配對好就斷線，可不可以改善一下啊？一直被扣分 搞什麼啊？ 到底要不要改善呀？ 也給個回覆吧
791,遊戲配對玩家強度不一，不是過強就是過弱，配對機制需加強；網路部份常常爆P，家中網路Wifi接收Ping穩定位於20～30之間，但在遊戲中常常會出現250ping以上的數字，網路相衝的問題已有試著修正，但沒有明顯的改善。
792,因為打幻影模試，選到不太會玩的角幸運被大大扣分。不推的遊戲
793,系統是針對我嗎？一直說我有違規的行為，每次玩都違規違規，我哪裡違規了？！還被檢舉是怎樣？如果改善這個問題我就給五星，沒改就一星！
794,更新後一匹配成功將閃退無法連結，再不處理付評會越來越多
795,新角一出根本不會在乎平不平衡，吸引人儲值讓他虐飽，常斷線怎樣的，好好打一打也會被檢舉還通過？看一下紀錄勝方mvp還是大順風，被對面檢舉也會扣分？會笑死
796,建議評分要多方面一些，這是個打塔遊戲，卻不把打塔所扣算進評分，顧著打塔沒參與團戰，打再多塔也是低分，因為打塔被人追著打死得多了，還會被人檢舉，扣分，努力打完一場，就是因為死得多，塔也不是最後打爆的那個，還被你們說檢舉屬實，那這根本不是打塔遊戲啊，是殺人遊戲吧
797,希望可以學其他版咁，每日打三場可得新英雄機制，會不會好一些
798,今天改版，右上角的進攻徹退改成這樣一點即時性都沒有，又不是應用程式還歸類
799,每次快要進入遊戲時就會閃退已經十幾次了更新前都不會
