,Date,Rate,reviews
0,2018年10月20日,5,名字為何是 這日文因該是日版 ……… 有調語言嗎
1,2018年10月19日,5,一人血书求汉化_(´ཀ`」 ∠)__
2,2018年10月21日,5,希望台版回來啊！變成日版就頭腦爆炸了...完全看不懂...
3,2018年10月22日,5,更新之後 升級人物要在哪裡升級 我找不到。。
4,2018年10月20日,5,帳號登入不進去 可以幫忙嗎？
5,2018年10月24日,5,動畫超好看
6,2018年10月13日,5,光是收集人物立绘就很值得玩了(≧▽≦)
7,2018年10月13日,5,主線在哪
8,2018年10月20日,5,很好玩
9,2018年10月16日,5,nice~
10,2018年9月27日,4,新版本的首頁刪掉了「傭兵一覽」，雖然對重視角色造型的玩家來說很棒，但對重視角色養成的玩家來說會稍微有點不方便> <💦💦
11,2018年9月30日,5,最喜歡的遊戲qq 不管是畫風還是玩法 官方也很定期的在更新新東西 我覺得超棒
12,2018年9月29日,5,大家都該來玩玩梅露可 真的 謝謝官方一直以來的進步
13,2018年10月1日,5,這遊戲真的很好玩 畫風可愛 又沒有流血暴力很溫暖 然後聊天室超棒
14,2018年10月29日,5,三星的手機更新之後一直沒辦法登入，整個當掉。刪掉重載也沒用
15,2018年9月29日,5,每個角色都畫得很用心
16,2018年9月27日,5,新介面所有人都該來玩一次！
17,2018年10月29日,5,我非常喜歡這遊戲
18,2018年9月30日,5,改版後的介面好漂亮♡回鍋玩家
19,2018年10月11日,5,想要翻譯 😭😭😭😭
20,2018年9月28日,5,沉迷
21,2018年9月27日,5,大改版好讚(≧∇≦)b
22,2018年9月11日,5,已經在日版一年了，超好玩~＜ 不懂日文，但慢慢摸索也是一種樂趣
23,2018年9月27日,5,讚啦！
24,2018年12月8日,5,帳號不見了。。。吐血
25,2018年9月23日,5,Good
26,2018年9月29日,5,好玩
27,2018年8月21日,3,服務品質讚！
28,2018年8月20日,1,帳號更新完之後就不見了 傻眼內
29,2018年8月16日,3,鑽石在多一點
30,2018年8月20日,3,越來越好了
31,2018年8月13日,5,為什麼 我現在等不進去.....
32,2018年8月19日,5,大讚
33,2018年7月31日,5,別再那邊求中文版了 以前有但在2017/12/31收了 而且也不是沒有中文房好咩？有問題不會去問問？
34,2018年8月20日,1,歡迎輸入 招待碼 xit2h
35,2018年7月23日,5,有中文啊，去找中文房不就有中文了(# ゜Д゜)
36,2018年7月14日,5,這遊戲告訴我們只要是台版就是坑 別再去求中文了 真的要這樣就去學日文啊 或是自行摸索 不然你打中文他們公司看的懂？
37,2018年7月9日,5,"It is an amazing game. But I can't read Japanese. I hope the community can 
add different languages in the game. Because there are a lot of people like 
me that enjoy this game,but couldn't read Japanese."
38,2018年7月9日,5,梅露可不是沒有中文版，而是中文版老早就倒了，可以請玩家們不要再來QQ求中文版嗎^^
39,2018年7月9日,4,不知為何更新後一直登不進去qwqq卡在登入畫面，畫面會動但點了都沒反應...
40,2018年7月30日,4,不給五星，誰叫你們的五星角這麼難抽
41,2018年7月5日,4,希望能出中文版的
42,2018年7月9日,5,中文版OAO
43,2018年6月6日,5,史上最棒的遊戲，官方最近很努力釋出新活動！希望大家也來嘗試喔！ 然後梅露可是有初始免費十抽的(會送鑽 存著也可以！
44,2018年6月10日,4,這是一款不斷改良優化又好玩又一直出活動到讓我覺得很煩很想罵髒話的遊戲(做太好也被罵的概念XDD)
45,2018年6月30日,5,以前不是沒中文但台服代理商太爛，一直推轉蛋叫你課金抽，不更新，不跟進度，後來就倒了
46,2018年6月9日,5,萌え可愛い永遠笑顔の一番良い良い居の超一流RPG ゲームでありますよ!! ¥(^√^)>
47,2018年6月20日,3,很多年前，好像是有中文的？不知道為什麼要改回來
48,2018年6月20日,5,中国台湾玩家请求日服推出中繁体语言包！！！
49,2018年6月8日,3,有沒有中文啊？有我會給五星，不然看不懂日文，其實很好玩
50,2018年6月29日,5,可以出中文版的嗎？有些地方看不懂
51,2018年6月24日,5,求內建漢化或英化！！！
52,2018年6月6日,5,喜歡了3年多的遊戲，希望一直持續下去!
53,2018年6月21日,3,有中文嗎？我記得幾年前有中文的啊！
54,2018年7月3日,5,玩了3年，角色和劇情都很喜歡❤
55,2018年6月17日,5,良心遊戲
56,2018年6月27日,5,讚~
57,2018年5月9日,4,希望有中文翻譯，我知道臺服停運了，但如果可以在遊戲中內設語言就好了。
58,2018年5月26日,5,陪伴我超過2年的超好玩遊戲 希望之後能夠出更多可愛的角色和國別劇情!!
59,2018年6月18日,5,五星機率太低給一星，等抽到想要五星時再改回評五顆星
60,2018年5月12日,5,如果能设置语言就好了，哪怕是英文也可以啊
61,2018年5月6日,4,悪くないわ。物語もいるし
62,2018年5月2日,5,台服舊玩家回來回味一下😢
63,2018年10月17日,5,很喜歡！很愛！可惜手機被偷，來不及做換機設定，也找不到之前的換機碼，只好買各種周邊
64,2018年6月3日,4,求內建漢化！！！！！
65,2018年5月20日,5,Like it very much.
66,2018年6月7日,5,很棒的遊戲
67,2018年5月3日,5,好玩～
68,2018年4月28日,5,遊戲平衡性很好，新角數值不會打臉舊角，代表不用擔心現在的角色以後會沒用、不敢練，並且有多種關卡，每關限制不同，使每個角色都有機會上場，畫風和動畫小人都很吸引人，劇情很有內容、溫馨感人（看不懂日文的可以找網路上翻譯），內設繁中房間可以給中文人士暢談，在我看來是完美的遊戲。
69,2018年4月25日,5,人物都很可愛💓💓
70,2018年4月7日,5,我永遠喜歡梅露可
71,2018年4月24日,5,200抽都是垃圾  這機率還真不是普通的低
72,2018年4月30日,4,好玩、感謝開發這遊戲的人。
73,2018年4月9日,5,玩第四年了！
74,2018年4月7日,1,Bad rate for 5 star
75,2018年4月16日,3,没中文
76,2018年4月7日,5,\大愛梅露可/
77,2018年4月4日,5,Soso
78,2018年3月29日,5,玩最久也離不開的手機遊戲 很喜歡畫風，抽傭兵也沒有怪物角或是裝備實在很棒！而且梅露可不斷更新新的活動，讓人不會玩膩，暴走活動更是讓每個人都有機會有五星角色真的超讚！（雖然暴走活動實在很肝XD）硬要說缺點大概是抽率實在很令人哀傷XDDDD
79,2018年4月1日,4,好懷念台服阿...不過遊戲還是依舊的好玩!! 真的很謝謝梅露可帶給我們那麼好的遊戲體驗
80,2018年4月3日,5,想念台服😢但依舊非常好玩
81,2018年4月1日,5,如果可以有中文會更好😢😢😢
82,2018年9月27日,4,大改版回歸
83,2018年4月1日,5,ちょうかわい ~~~(*´∀｀)
84,2018年3月10日,5,台服關了 默默來日服:3 希望有語言選項(雖然不太可能030
85,2018年1月22日,5,やっぱり…メルストは、サイコウやな！
86,2018年1月22日,5,好想儲值，可是台灣沒有這遊戲能用的卡能買！😩
87,2018年11月20日,5,那些一直求中文翻譯的，以前有台版的梅露可物語，只是關服了，這個是日版，想要中文劇情的，可以去youtube或其他平臺找以前台版的記錄，雖然故事不多，起碼也有些翻譯可以看，日版就是日版，不然就去學日語吧
88,2018年2月14日,5,有沒有中文或國語的 梅露可物語
89,2018年3月8日,5,只求日版不倒  我永遠支持
90,2018年3月21日,5,嘛 有中文聊天室也不錯了 反正很多人都只聊天嘛
91,2018年3月21日,5,神作 讓我離不開的遊戲XD
92,2018年2月4日,1,原來正體漢字版倒閉了，怪不得停止運作啦～！ (๑‾᷅^‾᷅๑)
93,2018年2月23日,4,可以不要用鑽石還抽到兩星嗎？
94,2018年3月20日,5,史上最好玩的遊戲沒有之一!!!!! 讓我印象深刻的完美遊戲
95,2018年3月11日,5,希望有中文語言來看故事
96,2018年6月20日,4,這遊戲在《貓咪大戰爭》的合作活動 角色非常好用
97,2018年3月7日,5,合作關卡 貓咪大戰爭
98,2018年2月1日,5,來懷舊的，沒想到台服倒了....
99,2018年3月23日,5,給我抽到5★，我就給5顆★
100,2018年1月22日,5,素晴らしい &gt;w&lt;
101,2018年2月16日,1,没中文
102,2018年2月22日,5,超級用心的遊戲
103,2018年2月19日,5,我超級喜歡的
104,2018年1月26日,5,nice game
105,2018年2月11日,5,很有趣
106,2018年3月17日,5,不錯玩
107,2018年3月21日,5,角色很美
108,2018年5月26日,5,可愛耐玩
109,2018年1月22日,4,可以
110,2018年2月3日,5,Great
111,2018年1月9日,5,前の旅が終わり、今新しい旅は始まります。私はとても好き、例えばストーリーや、イラストや、戦闘や。ありがとうございます！
112,2017年12月24日,5,好玩～可愛～超療癒 台版移民菜鳥，日文初學者XD 只能靠爬文和google翻譯
113,2018年1月19日,5,遊戲非常的不錯但如果有語言設定那更好也希望繁體中文版復出
114,2018年1月7日,5,"After updating , I cannot enter the game. Phone type:HTC A9"
115,2018年1月1日,5,故事很棒，畫風漂亮，可惜台版倒了，只能轉戰日版
116,2018年1月5日,5,我要中文我要中文我要中文 很重要要講三次 看不懂日文呀
117,2018年1月13日,5,跟哲平說的一樣好玩
118,2018年1月2日,5,起手比台版好很多
119,2018年1月9日,5,很棒的遊戲！ノノ超可愛！
120,2018年1月12日,1,都是日文我看不懂
121,2017年12月31日,5,五星雖然難抽。。。可是已經把三星當五星用的非洲人。。。覺得不錯玩。。。。都玩了幾年了。。。愛死梅露可
122,2018年2月22日,4,雖然有玩，但是莫名其妙地閃退，不管案怎麼都是回到本頁了………………
123,2018年1月21日,1,沒有中文版
124,2018年1月24日,5,好玩！
125,2018年1月21日,3,沒中文要怎麼玩？
126,2018年1月20日,5,Very cute
127,2018年1月21日,5,梅露可~
128,2018年1月15日,5,想要中文啊~~~
129,2018年1月23日,5,耐玩~
130,2018年1月13日,5,妹子
131,2018年1月22日,5,永續經營...
132,2017年12月29日,5,棒 (๑•̀╰╯•́)و.｡.:*✧
133,2018年1月20日,5,怎麼會有人看不懂日文然後給一顆星== 看不懂不會去學嗎 之前也有台版了啊（只是倒了 倒了然後來日版這邊該……
134,2017年12月30日,5,好遊戲！希望能有中文介面
135,2017年12月18日,5,很好玩的遊戲，台版移民
136,2017年12月29日,5,面白いなァ～！
137,2017年12月10日,5,中文玩家請盡量在中文房發言 如果在日文房請使用日文發言 不要作出佔領其他房間的行為 謝謝合作
138,2017年12月18日,5,算中，重階級課長玩的遊戲！
139,2017年12月14日,3,怎麼改成中文版??
140,2017年12月10日,1,我已經140等了(´._.`)一張5星都沒有，是我手氣爛還是系統綁定我沒有5星的命……這是正常的嗎…
141,2017年11月18日,5,抽不到五星(倒
142,2017年11月18日,5,非常好玩！！！
143,2017年11月3日,4,希望日版可以出個改變語言的系統，讓之前待在台版和陸版的玩家也能在日版玩的開心！
144,2017年11月10日,5,我希望把台版玩家帳號移到日版，這樣我會更有動力回鍋
145,2017年11月11日,5,這很好玩！只是希望可以調成中文的系統( ˘•ω•˘ ) 希望有一天能出現中文語言...
146,2017年10月28日,5,雖然台版關了，但我會繼續支持日版！！
147,2017年11月14日,5,畫風很可愛owb非常好玩wwwww
148,2017年11月5日,5,角色畫風可愛、劇情很有趣，十分喜歡的遊戲。
149,2017年11月3日,5,求歐神降臨～
150,2017年11月2日,5,GGGGGGGGGGGGGGGGGGGGGGGGGGGGGGG GGGGGGGGG
151,2017年10月24日,5,可愛
152,2017年11月8日,5,(≧▽≦)(≧▽≦)(≧▽≦)(≧▽≦)(≧▽≦)(≧▽≦)(≧▽≦)(≧▽≦)(≧▽≦)(≧▽≦)棒
153,2017年10月1日,5,超好玩！劇情角色都很棒，玩法也不錯，操作也很順暢＼(^o^)／
154,2017年10月7日,3,希望可以增加中文語言選擇，讓臺灣人也可以玩的很輕鬆😁😁
155,2017年10月13日,5,除了角色造型觀賞用的太少，沒什麼可挑剔
156,2017年9月26日,4,現在登不進去
157,2017年10月11日,5,希望有中文切換選項(´；ω；｀)
158,2017年10月8日,5,御貓の麵包師!(◕‿◕✿）
159,2017年9月12日,5,人物好看漂亮故事劇情豐富多樣感人超棒的但是五星機率好低QQ都抽不到五星（認真打爆走拿五星書好嗎#
160,2017年8月31日,5,"日版繼承碼: uavzp6zxse，spjrb9kqyy，bxcwjgkdqi  密碼:anss4560,anss8560,111111111 要的自取"
161,2017年6月29日,4,都是日語 看都看不懂 好玩啦 但是看不懂啊メルすと
162,2017年5月5日,2,"I've been play this game for two years. The game difficulty is getting harder and harder. I kinda losing the faith on it. ***for Newcomer***, I highly recommend you go looking for some other game to play."
163,2017年8月8日,5,棒棒棒
164,2017年5月31日,5,比臺版的好太多了吧~ 還是日本動漫遊戲最行，讚!不一定要五星才是最好的，有些五星不一定強，所以提醒各位不要太奢侈°
165,2017年7月24日,1,遊戲好玩，人物也很可愛。可惜扭蛋坑很大，最近推出的踏破也很腦洞。
166,2017年9月16日,5,"我玩過最好玩的遊戲,角色好可愛"
167,2017年6月8日,5,讚，比台服好
168,2017年7月4日,5,你們這些人明明是自己手機問題不要在那裡嗆，特招50%是抽到五星的50%不懂不要雞歪。 這是我玩最久的手遊而且不用課金，明明就很不錯。
169,2017年8月12日,5,我想問一下，我充了$251，點解收吾到，係訂購記錄內有記錄，8月13日充的，帳號是 epvzb71nrb 請幫我看看，謝謝
170,2017年5月2日,5,玩過最久的手遊，也越來越喜歡。可以感受到開發端有努力讓玩家去研究系統、各種隊伍組合，而不只是一昧營造玩家五星至上的環境。看評論就知道大家都被五星至上荼毒太久
171,2017年6月30日,1,垃圾遊戲一直閃退無法前進
172,2018年3月18日,5,多年重載，腦袋很多資料都跟不上了
173,2017年6月10日,5,這麼說雖然很誇張，但本人因為這款遊戲找到對人生的熱情!
174,2017年5月18日,3,還是一直出現小bug，遊戲體驗有待再加強
175,2018年1月6日,5,哈哈，台版倒了
176,2017年5月23日,5,新手一开始就抽到2个五星   可是要怎么玩  看不懂
177,2017年9月3日,5,好玩
178,2017年5月4日,4,日版比台版多了好多東西…不過還不錯！
179,2017年6月17日,5,也他X的太讚了吧！！
180,2017年9月14日,5,可愛すぎる
181,2017年6月17日,5,超好玩
182,2017年5月17日,5,實際刷過五星，機率約1%，還可以。不像某些遊戲，幾百隻帳，沒一隻五星...
183,2017年6月17日,5,❤(ӦｖӦ｡)
184,2017年8月12日,5,角色設計很可愛｡:+((*´艸`))+:｡ ぷぷっ
185,2017年7月8日,5,抽到五星的感覺真爽
186,2017年6月15日,5,梅露可喔喔喔喔！！！！！！
187,2017年5月29日,1,我打的BP有達總輸出的0.1%，為什麼沒拿到總積分的獎勵，ID [mgmt*byhd*]
188,2017年4月30日,5,太棒了，抽到五星
189,2017年7月25日,5,Good
190,2017年9月14日,4,もう意味がわからないののじゃ
191,2017年4月27日,5,日版讚讚，雖然公告什麼的要自己翻譯不是很方便，但是許多功能都比台版好
192,2017年5月8日,5,希望台版能早日跟上日版的進度
193,2017年7月27日,5,深坑
194,2017年7月28日,4,Owo
195,2017年7月21日,4,7/22，00:21，我用無法登錄
196,2017年6月28日,5,Nice
197,2017年9月12日,5,玩了3年還在繼續，有它的魅力吧
198,2017年6月17日,5,梅露可超級讚的嗚嗚嗚嗚
199,2017年6月17日,5,日版送鑽大方啊~~~好感動嗚嗚
200,2018年4月2日,5,很好的遊戲，希望能有中文版!!!!!
201,2017年4月2日,5,輕鬆玩很久的遊戲
202,2017年4月7日,3,日本手遊的通病：極度血腥的低機率中獎機率。論美術風格來說算是還可以的遊戲，風格頗統一
203,2017年2月20日,5,遊戲是還不錯，但是自從ios版也開放後，連線品質真的是爛斃了，某些時段，連線讀取進入失敗吃AP次數超高，十次有八次失敗，也讀取超久如果有花錢跳坑的，要考慮一下，沒碰過連線品質這麼差的
204,2017年3月17日,3,好到沒話說。
205,2017年1月24日,5,我想這就是遊戲 一開始喜歡原因是角色分明 活動更新穩 公會設定穩  可以跟朋友認識
206,2017年2月17日,5,美術、音樂、劇情、平衡、遊戲性都超優！營運也非常用心回應玩家的願望改善系統，是我玩過感覺最好的手遊！(*´∀｀)
207,2017年4月12日,5,：３
208,2017年2月20日,5,更新後打不開(´;ㅿ;｀)
209,2017年2月4日,3,感謝單抽五星ww
210,2017年11月24日,5,善用玄學時間(笑
211,2017年2月20日,5,很好
212,2017年3月26日,5,メルスト大好!!!(*ﾟ∀ﾟ)
213,2017年2月2日,3,在用交換所時每次都跳掉
214,2017年3月17日,5,很棒
215,2017年4月22日,4,唯一的致命缺點就是會害人課金太多
216,2017年3月28日,4,好玩
217,2017年4月20日,5,日版的福利比台版好上很多，希望能繼續一直玩下去
218,2017年4月18日,5,很好ww
219,2017年1月31日,5,超級喜歡玩的！
220,2017年1月22日,5,臺灣難民……
221,2017年4月18日,5,很耐玩的遊戲 劇情很值得看
222,2017年2月4日,5,畫風不錯，劇情還不錯
223,2017年3月8日,5,好玩
224,2017年2月4日,5,吾乃台版難民
225,2017年6月17日,5,必定抽到的信封怎麼開
226,2017年1月21日,5,吾乃台版難民。
227,2017年5月10日,5,好玩
228,2017年4月4日,5,請不要將香港的也下架，謝謝。
229,2017年4月22日,5,好玩
230,2017年2月9日,3,帳號不見了...為什麼玩一玩會不見啊
231,2017年4月29日,5,希望……活動多一點變化ORZ
232,2017年2月16日,5,遊戲平衡佳，劇情美術方面優，且貼心設置繁體中文房，不用擔心語言不通、交不到朋友。只要有愛，三星傭兵若有練起來能打過各種活動，資源累積起來四、五星也能漸漸入手，是需要耐心培養的遊戲。
233,2017年6月13日,5,Good
234,2017年4月25日,5,不錯，有五星
235,2017年4月17日,4,不錯
236,2017年1月30日,5,good
237,2017年6月17日,5,日版送鑽大方啊~~~好感動嗚嗚
238,2017年2月5日,4,希望可以繼續營運，並與日版版本同步
239,2017年5月27日,5,好玩
240,2016年12月18日,3,問題都有改善很不錯，還有如果某一天停止營運，希望角色不要消失，因為好不容易才得到的角色不見很可惜，能讓我們自由登入，但是不更新程式，就像開心寶貝一樣
241,2016年12月21日,4,こんにちは 私はメルクストーリアの台湾版のプレイヤーです 私の日本語は下手なので、よろしくお願いします 2017/3/6台湾版も終わろうとしています メルクストーリア遊び2年は多い非常に、非常に好き IDとゲーム資料変えるメルクストーリア日本版てもいいですか?
242,2016年12月17日,5,超喜歡梅露可！((台服被關來日版
243,2017年1月5日,5,Good game Wish you can keep a good service in all time:)
244,2017年1月9日,5,也是來避難的台人 日版說成「日版」本來就是為日本人玩的，所以我們不要一直要求對方用什麼語言變更系統才好（雖然我也希望就是了…）。
245,2017年1月4日,1,"榮耀之路真的讓人充滿不悅,只要沒角色就根本不用想要打了…"
246,2016年12月6日,5,臺服要加油 我的招待碼tcpp5 歡迎加入
247,2016年12月15日,5,梅露可  我還是支持你啊~~~ 台服關惹跑來日服的可憐人QAQ
248,2016年12月17日,5,讚 拜託讓台版帳號轉移
249,2016年12月17日,5,台版難民求關照!!!送送10鑽什麼的...(小小聲
250,2016年12月16日,5,梅露可我超喜歡!台服被關跑來日版  希望能切換語言!
251,2016年12月31日,5,台服難民在此(ﾟ∀ﾟ) 日服本來就不是給繁文使用者用的  可是日服很細心的在裡面設計了一個繁文房  良心公司  而且他的腳色都超美 畫風超讚(ﾟ∀ﾟ) 雖然以後的劇情都看不懂了  不過還是想繼續玩\(*°∀。)ノ（日文障礙
252,2016年12月23日,5,- 很棒的遊戲：）          {給那些希望切換語言的玩家，梅露可能為中文玩家開中文房就應該心存感激了，他們沒有怨尤的（雖然不代表日本玩家沒有不高興）為我們設計了這些房間，請懷抱感恩的不要奢求更多好嗎😠}
253,2016年12月15日,5,還是日版好 從0開始，台版再見
254,2016年11月27日,1,進不去…
255,2016年11月11日,5,日版很棒！ 官方，拜託救救台版，讓他改錯字，更新版本orz
256,2016年12月16日,5,台版RIP
257,2016年12月20日,5,台版關了好可惜!! 來入日版坑('∀')
258,2016年12月16日,5,太喜歡了無法自拔所以從台版來日版
259,2016年12月17日,5,メルク!!!!!!最高!!!
260,2016年11月15日,5,LOVE LOVE
261,2016年11月23日,5,不錯玩!
262,2017年1月2日,5,給台版移民優惠就好了 ( ´▽` )ﾉ
263,2017年1月30日,5,台版難民是也......
264,2016年12月3日,5,耐玩
265,2016年12月31日,5,好玩
266,2016年12月15日,5,從台服轉戰 我覺得日版很棒~真的很喜歡梅露！
267,2017年1月10日,5,不錯 日版真的不錯
268,2016年12月25日,3,希望能切換語言 萬分感謝
269,2017年1月17日,5,Nice work
270,2016年12月2日,5,好玩 (^^♥
271,2017年1月26日,5,難民
272,2017年1月6日,4,遊戲很喜歡
273,2016年12月18日,4,就是愛
274,2016年12月30日,4,求中文 求可變換語言
275,2017年1月5日,5,如果能像中文版一樣每天都能免費許願就好了
276,2016年12月16日,5,"日版你好,中文版再見(淚        順帶一題,不知為何日版畫面一直閃,他討厭我嗎"
277,2016年12月26日,5,台版難民 感謝台版陪伴了我那麼久，如今移轉到日版，我也感到非常的溫馨   給那些希望可以切換語言的同好們：日服本來就不是專門要給日本以外的人遊玩，日服官方有為我們設置“繁體中文房”這樣就夠了，請不要在為難官方以及奢求更多
278,2017年1月30日,5,good
279,2016年12月28日,5,跳槽了
280,2016年10月18日,5,農藥不是問題，有漏比一切搞定 是不會看影片跟資料膩？開滿洞都能過30(挖鼻
281,2016年10月30日,5,敲好玩 日服回坑玩家 陸服兩年多多老司機，現在兩個帳號，梅露可只能說玩不膩！玩不膩！玩不膩！！最喜歡了！絕對陪到關服ヾ(｡&gt;﹏&lt;｡)ﾉﾞ✧*。
282,2016年7月7日,5,遊戲還是怪怪的 主畫面 傭兵看不到 任務泉水 道具也看不到
283,2016年10月26日,2,老玩家了，玩了兩年的感想，運氣問題的抱怨話，只是想說而已 不實用四、五星太多，尤其是最原始的部分四、五星，四、五星信抽能拿掉不實用的最好。限定抽總加倍這些雷角降低機率，不課無鑽者悲劇(╯з╰)
284,2016年8月21日,3,這遊戲就是運氣和課金的問題
285,2016年11月19日,5,更新之後就進不了遊戲，一直在now loading位置
286,2016年9月5日,2,為什麼我手機只是送修一次而已 角色就不見了 要從頭玩嗎 ？？
287,2016年8月13日,5,還好 還好
288,2016年10月28日,1,小氣至極點！ 趕快倒一倒算了！
289,2016年7月16日,4,好玩 好玩
290,2016年8月16日,5,讚
291,2016年9月16日,5,打不開QWQQQ
292,2016年10月2日,4,不正常操作？！ 遊戲它突然卡掉，網路滿格\( ö )/耶   我花了兩顆鑽石才打掉的王寵關qqqq   還我鑽石qqq
293,2016年10月13日,5,レベルボーナス...出るといいなぁ
294,2016年11月7日,3,背景音樂無法更換，有些角色是中看不中用
295,2016年9月24日,4,暴走モンスターがキライけど
296,2016年10月9日,4,"If you got 2☆ characters and its evolved 3☆ char. Please be awared that if that 3☆ char is 15 times awaked. Evolving the 2☆ char will not get extra compensation but the medals same as before. It means if you evolved it, you may waste flowers and buds. If you don't evolve it, that char will reduce one place that you may store another char."
297,2016年7月9日,1,更新後打不開！！！還是閃退！！！
298,2016年11月10日,5,最喜歡了！！！ 超級喜歡的嗚嗚！！！！
299,2016年11月15日,5,LOVE LOVE
300,2016年8月7日,5,👍😉
301,2016年8月25日,5,1.4.0    Now loading
302,2016年9月15日,4,無法進入遊戲 更新完閃退 無法進入遊戲
303,2016年10月3日,4,打公會戰當掉 先換別的程式在換回來變黑屏 但是有BGM
304,2016年7月24日,3,一直當機能改進嗎？ 讀取時…戰鬥時…招募時…連打字時也會…是只有我這樣而已嗎？
305,2016年8月15日,5,喜歡角色!! 角色的設定都好讚TTTTTTTTTT
306,2016年7月6日,5,畫面動彈不得一直當，重下載好幾次也一樣，請盡快改善
307,2016年11月11日,5,かわいいなー
308,2016年9月29日,1,"The ""smooth"" of playing game good game , but it is still very lag during game, no matter battle or not. I think it's the problem of my phone at the beginning(samsung s3) but it's still same in same in s6! Please improve your game !"
309,2016年9月3日,5,ლ(´ڡ`ლ)
310,2016年9月25日,5,有趣 有趣
311,2016年9月15日,5,比台灣特別版好太多了！！ 歡迎來日版玩！！
312,2016年8月9日,5,很可愛可是很難抽_（:3
313,2016年10月17日,5,Ggod
314,2016年7月27日,3,一直顯示loading，連進關卡也沒辦法呢……
315,2016年11月11日,5,人物很可愛  劇情豐富
316,2016年8月19日,5,可愛！！！ 太可愛
317,2016年7月10日,5,美美的 如題
318,2016年10月31日,5,好玩
319,2016年9月25日,5,好玩 不錯
320,2018年8月12日,5,學點日文來玩遊戲 ，好過玩中文的大坑 呵呵
321,2018年10月13日,5,いいゲームだ
322,2016年2月12日,4,不錯，但五星機率可不可以高一點
323,2016年2月12日,4,還不錯 只希望四 五星的抽到機率高點ㄚ
324,2016年2月21日,5,日版GOOD 不懂日文！哭哭
325,2016年7月4日,5,新手建議 推薦碼「elg4p」 補師要和肉盾屬性相同，這樣補比較多。 近距離攻擊力比較受武器影響，魔法攻擊力比較受屬性影響。 砍劈專打軟，打擊專打硬，突擊平均。 人物表能力圖中 那兩個日文分別是攻擊範圍和韌性(被打到時後退比較少)，如果你分辨不清楚，看法師和騎士的能力表比較數值就知道了。 還有不要用遊戲幣買角色，我抽很久都沒有出現過二星，拿去升級比較實際。（ps.官方給的人物成長力很差，你最好不用給他進化。)
326,2016年11月19日,5,更新之後就進不了遊戲，一直在now loading位置
327,2016年5月30日,4,一些人物可愛 有些寵物不可愛
328,2016年5月5日,5,雖然不懂日文，但不錯玩
329,2016年4月21日,5,Suki Nandemonai
330,2016年4月15日,4,Good Good
331,2016年6月3日,5,(๑•̀ㅂ•́)و✧ 梅露可大好
332,2016年3月31日,5,我 兩種版本一起下載
333,2016年4月27日,5,好玩 更新後，有一些字大概看得懂
334,2016年2月22日,5,讚 但是鑽石好難集（哭
335,2016年3月6日,5,ww 日版還是很可愛啊www
336,2016年5月19日,5,bvw4cp6xzg
337,2016年2月26日,5,非常的好玩ww希望抽中五星機率能高點~~
338,2016年7月4日,1,進不去
339,2016年6月4日,5,沒路可太可愛了
340,2016年4月6日,4,畫風超Q 治愈～
341,2016年5月14日,5,棒！ 很好玩
342,2016年10月14日,5,"棒! 出中文版啦!!!非常棒喔!!!我的邀請碼:h4nemon,歡迎來玩呦^^"
343,2016年7月4日,5,同樣新手招待碼 我的招待碼是xg5bt不嫌棄的話請打我的 ヾ(*´∀｀*)ﾉ
344,2016年7月4日,5,為什麼不能登啊，明明重新下載跟更新都用了，一直當機
345,2016年4月10日,5,很可愛 超萌的啊啊 只是角色真的很難抽
346,2016年5月20日,5,好き 好きです
347,2016年8月26日,5,好 玩
348,2016年3月31日,5,寶石難賺
349,2016年4月15日,5,好玩XDD
350,2016年3月4日,5,蠻果是難波萬超棒的
351,2016年7月5日,2,差評 不能刪除重玩
352,2016年5月10日,5,讚
353,2016年5月2日,5,總之就是很喜歡 常常讓我人品爆發的好遊戲！！！！！
354,2016年7月4日,5,敲好玩www
355,2016年4月8日,5,ˊˇˋ ˊˇˋ
356,2016年7月4日,1,進不去 手機更新進不去
357,2016年5月24日,5,Nice game!!
358,2016年2月12日,5,超級讚~ 但是60一隻五星也沒 週年花掉鑽了QAQ
359,2016年5月30日,5,可愛い
360,2016年2月1日,5,活動劇情很吸引人，角色也十分可愛!
361,2016年2月1日,5,Bug 這次特殊關卡3-4沒有怪出現
362,2016年1月29日,4,難抽死了
363,2016年1月2日,1,糞game
364,2016年2月20日,5,前幾天剛得到一個5星傭兵
365,2016年1月31日,5,角色超萌&gt;w&lt;
366,2016年2月18日,5,超爽的 ：) 才剛剛玩就一堆二星的
367,2016年2月1日,5,Good Good
368,2016年1月3日,5,ヾ(*´∀｀*)ﾉ♥♡♥♡ 劇情有趣，傭兵可愛，值得玩的遊戲
369,2016年3月6日,5,ww 日版還是很可愛啊www
370,2016年1月30日,5,good good
371,2016年2月5日,5,好遊戲 畫風好，營運公司有良
372,2016年2月5日,5,好玩 好棒
373,2016年2月4日,4,good
374,2016年2月17日,4,Good Good
375,2016年2月3日,5,GOOD とても面白いです
376,2017年1月7日,5,能的話，真希望能把台服資料轉到日服，但我知道這是強人所難啦…不過台服的心血與課金還真的成灰了呢…
377,2016年2月6日,5,好可愛
378,2016年1月11日,5,從台版轉來的
379,2015年12月26日,5,好玩ㄟ，大家一起玩吧！
380,2015年12月2日,1,我明明訊號滿格.你們結果很慢收不到訊號.我台灣版本也沒有慢到.收不到訊號.害我新任務都解不到任務
381,2016年2月10日,5,"Let's play together! ""妖精的秘密茶會""現正招募會員！歡迎加入一起遊戲！Also welcome member who use English only."
382,2015年12月18日,5,畫風可愛，對話內容也很有趣！！！看不懂日文的孩子可以先去玩中文版，熟悉了之後再嘗試日文版，推日文版的原因：1.跑比較順暢。2.卡比較好。（？）
383,2016年2月15日,5,好玩 好玩
384,2016年1月21日,5,不錯
385,2016年2月10日,5,呵聖
386,2016年3月18日,5,遊戲檔案也未免太大了... 更新之後灌不了
387,2016年2月3日,5,GOOD GOOD
388,2016年1月7日,5,Good job
389,2016年2月26日,5,Toney Good
390,2016年2月1日,5,Nice
391,2016年1月31日,5,讚 贊
392,2016年2月26日,5,好玩
393,2016年2月5日,5,好玩 如題
394,2016年2月26日,5,支持 !! 非常有趣 😄😄
395,2015年11月17日,5,有很多可愛的角色，好看的故事
396,2016年1月19日,5,好玩
397,2016年2月16日,5,好玩 好玩
398,2015年12月26日,5,Goodmmmm So goodooo
399,2015年12月29日,5,Best game ever.
400,2015年10月21日,5,如何抽5星角？ 機率太低嗎? 首先，集鑽石！！！！……………第二點！！！！注意！！要有出現出身國的比較容易抽到五星角……小朋友懂了？?
401,2015年12月5日,5,日版帳號可以綁定嗎？
402,2015年11月16日,5,送帳號 聖誕節我會送出15個5☆初始帳號喔！有興趣Push我(5☆隨機發送/首5人可以選擇)
403,2015年8月19日,5,沒課金 抽到五顆星 爽(揍
404,2015年10月23日,1,10抽 沒4星  爛機率
405,2015年10月22日,4,抽角不治愈
406,2015年10月18日,5,いいゲームです おもしろ(๑•̀ㅁ•́๑)✧
407,2015年11月21日,5,非常好 讚(^Q^)
408,2015年9月2日,5,日版超優！ 日版新手禮包超厚！
409,2015年9月12日,1,Asus ZF6依舊玩不了 還是打不開，還有我沒有root過
410,2015年11月1日,5,值得長期養角色的好遊戲，努力賺錢跟農角色就可以有好隊伍(^з^)-☆
411,2015年9月26日,5,拇指 畫風很可愛、小怪也治癒到捨不得打（。 看不懂日文也可以上手。還是看懂比較好啦，劇情很有趣：)
412,2015年10月5日,5,魏佑蓁 08221
413,2015年8月20日,5,遊戲很好玩  畫風可愛  卡很漂亮
414,2015年8月27日,5,好煩 怎麼抽都抽不到五星，四星也很難抽的到
415,2015年11月10日,5,不錯 不錯
416,2015年12月1日,5,可愛又玩不膩⇖(*´ω｀*)⇗ (招待碼9lrev)～\(´ー｀)ノ1.25% 大神請保佑!
417,2015年11月8日,5,滿可愛的 第一抽就抽到活動角
418,2015年11月9日,5,wwwwwwww 很好♡
419,2015年9月27日,5,很好玩
420,2015年10月30日,5,很好玩 同上
421,2015年11月16日,5,很可愛 超級可愛的～～
422,2015年11月28日,4,很好玩~可是都是日文，看不懂!
423,2015年10月13日,5,日版都能神抽不死坦，反觀台版連隻三星暗補或暗後排都不給我(虐
424,2015年11月11日,4,這遊戲是拿來磨時間、練耐心。 這個遊戲的價值就是培養、養成。就是以抽不到5星也可以很強為主。如果那麼好抽、這麼好練，這遊戲就爛了。
425,2015年9月4日,5,超優 日版的獎勵真的比台版好很多
426,2015年11月9日,5,不錯玩的遊戲，第ㄧ抽就先來個五星
427,2015年9月25日,5,かわいいのガム!
428,2015年10月13日,5,忠臣本命 希望能抽到好妹子
429,2015年9月13日,5,好玩 希望能增加五星機率qwq
430,2015年11月14日,5,不錯的遊戲
431,2015年11月25日,5,Good
432,2015年11月20日,5,000 0000
433,2015年11月1日,4,讚
434,2015年12月2日,5,many good story which  touch my feel
435,2017年1月30日,5,台版日版差別好大QQ
436,2015年12月9日,4,很好玩 閃退偶爾發生…
437,2015年9月30日,5,好玩
438,2015年11月2日,5,大好きな(//∇//)
439,2015年11月17日,5,有很多可愛的角色，好看的故事
440,2018年12月17日,5,嗚嗚嗚嗚忽然想回味發現台版消失
441,2018年12月2日,5,動畫的第8話…安提爾好帥啊啊！😭😭
442,2015年8月19日,5,沒課金 抽到五顆星 爽(揍
443,2015年6月21日,4,挺好的游戏 画风同游戏模式都几吾错
444,2015年6月30日,5,沒比這更好玩的手遊了 進不去的人該不會是有root吧，我的免錢紅米機玩1年多都沒遇過無法進入
445,2015年7月9日,5,真棒
446,2015年8月5日,4,養眼
447,2015年6月21日,3,為何遊戲無法開啟了？ 從6/20我就無法進入遊戲，請問有誰知道是發生什麼事情嗎？
448,2015年7月5日,2,我花了好久的時間，終於用到45顆鑽石，結果抽了，一個四星都沒有QAQ全都是二星和三星。
449,2015年7月24日,5,簡單好玩 還是日本會做遊戲
450,2015年6月28日,3,更新後還是登不進去
451,2015年7月27日,5,不錯。 很休閒的遊戲。
452,2015年7月11日,4,角色難抽 五星機率太低了 角色不好入手是大缺點
453,2015年6月26日,5,萌萌哒啊！
454,2015年8月31日,3,抽卡運勢背 求卡運
455,2015年7月17日,1,卡難抽 這個遊戲最坑的一點就是，連三星卡都難抽....
456,2015年8月7日,5,good good
457,2015年8月17日,5,Good Good
458,2015年8月12日,5,很用心在營運的遊戲 現在居然還出了繁體中文聊天室
459,2015年6月27日,5,好玩 祈求五星，幫集氣
460,2015年8月5日,5,遊戲好玩，畫風可愛
461,2015年8月23日,5,好好玩
462,2015年6月24日,5,梅露可&gt;3&lt; 好可愛喔~好多角色都很可愛~很厲害~任務也不錯~感覺不會太快無聊^-^
463,2015年6月19日,5,卡牌可愛♡
464,2015年7月22日,5,喝勝 還不錯玩
465,2015年7月15日,5,So fun
466,2015年9月16日,5,萌萌啦～～ 可愛～ 又容易上手
467,2015年9月3日,5,好玩哦
468,2015年7月9日,5,不錯 ˊˇˋ
469,2015年6月27日,1,進不去 已經好幾個禮拜都這樣子，點進去的時候他就會顯示已停止運作，都重新安裝了，還是一樣顯示已停止運作。我好不容易才抽到的四星不見了，等級也要重練。TAT
470,2015年6月20日,5,卡片很可愛！
471,2015年7月22日,5,給特產們 這遊戲只要有２、３星就夠了，對無課的來說，３星15覺滿比你拚死拚活去抽隻５星強=３=
472,2015年8月10日,5,招待碼在哪裡輸入（（求解答
473,2015年8月31日,5,好玩~ 很好玩!!!公會在【⊙ω⊙(臺灣)】歡迎加入搭訕
474,2015年6月26日,5,可愛新奇 玩法創意得黎又要動動腦根
475,2015年8月30日,3,五星，四星不好抽
476,2015年6月20日,4,美術不錯
477,2015年6月25日,5,畫風很可愛，玩法滿有趣的。
478,2015年7月18日,5,棒透了2333
479,2015年8月4日,5,"Good balance, story and pic"
480,2015年6月18日,4,日版終究比台版好!還有我恨行動值遊戲 招待碼已經改掉變成找人功能用(真是X的= =)但新手首抽改最高兩張3星~而且送起始金錢2萬!臺灣公會TW-only公會目前人員已經爆滿嘍!謝謝各位支持!我們也創了fb粉絲團搜尋公會名稱就可以找到了~歡迎一起討論一起攻略~ID貓妖二月
481,2015年5月13日,4,這遊戲…… 沒中文版。真是浪費了一個好遊戲
482,2015年3月27日,5,日版超棒！ 日本果然是日本，個個都比台版好！
483,2015年4月23日,4,第1次玩就抽到5星1隻4星3隻3星，不過有點Lag，會閃退
484,2015年6月3日,5,Good Good
485,2015年5月6日,5,玩了將近一年 是款十分好的遊戲，營運方也很用心，會繼續玩下去。
486,2015年5月16日,5,遊戲風格 一款遊戲不可能兼具所有玩家喜歡的元素、不過要是喜歡這款遊戲風格的人會越來越喜歡這遊戲、甚至離開時會極度的捨不得。
487,2015年5月21日,5,good 比中文版好  真的
488,2015年4月29日,5,很可愛 ~ 不錯玩 wwww
489,2015年3月9日,5,日版的各方面都很有特色 讚
490,2015年4月15日,5,比台版好太多 腳色超好抽，每日登入有獎拿，名:夏洛禹
491,2015年6月14日,5,確實比台版好，我這麼久沒玩，他給我累積了60顆鑽石，台版也只給我5顆鑽石…，決定定居日版了
492,2015年3月30日,5,鑽石太少，希望可以學龍族，登陸送鑽石，不然搞的每日登陸，好像也沒有好處
493,2015年6月23日,5,好玩
494,2015年3月9日,5,Nice Best game ever
495,2015年6月17日,5,喜歡喵咪 拿活動啦！！
496,2015年4月30日,4,"= = 套件檔案無效啊!!!!!!!!!!!!!!!! 重新開機 重新安裝 檢查更新 清除資料跟快取 還原也試過了 只有臺版可以登入 原本以為是個人問題 可是看很多人也這樣?! 玩很久了 不想這樣子放掉阿~""~"
497,2015年6月13日,5,棒 棒
498,2015年4月27日,5,個人觀點 雖然營運送鑽很小氣  但跟剛開始營運時相比改善了不少功能
499,2015年4月13日,5,七色の人形使い
500,2015年3月9日,5,最喜歡的一款遊戲
501,2015年6月10日,5,希望有中文版
502,2015年5月16日,5,比中文版還要大手筆阿！ 日版真是佛心來著 (;_;)
503,2016年2月6日,5,Really good
504,2015年5月3日,2,Can't play I can't call out my characters after I started playing!!!!!!and the ap have been reduced!!!!there's no reaction after I touched the screen!
505,2015年3月30日,1,一直更新300多數據又跳出去？… 更新也太久了，也太慢了…跑300多更新數據是什麼意思？更新好了又跳出去？搞什麼？沒火都搞一肚子火大起來！
506,2015年3月11日,5,很棒!! 真的很喜歡這種畫風唷XD
507,2015年4月5日,5,不錯的畫風 有趣的玩法
508,2015年4月30日,5,很好 讚
509,2015年6月20日,4,美術不錯
510,2015年3月23日,5,還是日版好 雖然台服算中規中矩，但真要玩得順利不受氣，日服還是最好的選擇！
511,2015年3月10日,5,比起台板在愛日板了
512,2015年5月30日,5,It's better than''中文版'' Nice！！
513,2015年6月25日,5,好玩
514,2015年4月24日,5,已經改好了 現在非常好！
515,2015年5月27日,5,好玩 如題
516,2015年4月29日,5,不錯的遊戲 沒有純色隊伍很可惜 不過依然可以玩的很愉快 就是後面的次數關卡讓人有點煩躁就是了
517,2015年6月18日,5,初心者には優しい にゃんこから来ました
518,2015年4月29日,5,聽說日版的比較好OHO
519,2015年6月12日,4,かわいい♥
520,2018年8月2日,2,嘆。
521,2018年9月7日,1,沒什麼好說的。
522,2015年2月23日,5,很好 各位如果10等以上 可以的話幫忙填一下我的招待碼:cp1kt 可以一起拿鑽石和遊戲幣哦
523,2015年2月9日,5,かわいい ちょっと難しい、でも面白い
524,2015年2月5日,5,真的很好玩 好玩
525,2015年2月13日,4,招待碼: e47f7ir 幫忙輸入招待碼: e47f7ir
526,2015年2月10日,5,公會 玩沒多久……希望尋找很強的臺灣公會 朋友說這樣比較好練！！！
527,2015年4月7日,5,Cute Good
528,2015年2月3日,5,很好玩 玩中文的時候，一直抽不到五、四星玩日本的時抽到很多四星
529,2015年3月29日,5,喜歡 好玩！
530,2015年3月8日,5,少數低星角色就夠用的遊戲，也不會出新角，舊角就變垃圾。
531,2015年3月14日,5,好玩
532,2015年4月7日,5,求 華語版
533,2015年2月16日,5,Good. Game
534,2015年3月14日,5,good
535,2015年2月9日,5,很棒～ 好久沒玩這種手機2D橫卷遊戲XD 角色好可愛ww 招待碼：mxnyk
536,2015年2月12日,5,喜歡 有趣的玩法
537,2015年2月9日,4,遊戲性不錯
538,2015年3月9日,5,Nice Best game ever
539,2015年2月9日,5,Nice game Easy to play
540,2015年3月14日,5,Good
541,2015年2月5日,5,比台版好玩
542,2015年2月3日,5,好想玩中文版的 日文真的看不懂，劇情都不知道，好想了解劇情內容
543,2015年3月5日,5,戰鬥頗輕鬆的，人物很可愛
544,2015年2月28日,5,玩玩看 台版由於換手機 本來的都不見了 跑來日版入坑\OWO/
545,2015年2月15日,3,抽到討厭的會很杜蘭就是了
546,2015年3月25日,4,奇怪... 不是有1.1.24出來嗎？東西勒？
547,2015年2月19日,5,好玩 非常good的遊戲
548,2015年4月2日,5,Good Good
549,2015年3月22日,5,Good
550,2015年3月4日,5,請問邀請碼要在那輸入？
551,2015年2月3日,5,可愛ders~
552,2016年8月7日,4,嚴重閃退！！！
553,2015年3月6日,5,very good! goodgoodi
554,2015年4月10日,5,覺得好玩~ 畫風喜歡~
555,2015年3月8日,5,Cute roles with wonderful story.         ( I read the story at Taiwan version.)   I really love it.
556,2015年3月19日,5,Nice
557,2015年3月1日,5,不錯 日版比台版好
558,2015年4月18日,5,好
559,2016年12月15日,5,日版賽高。。。
560,2018年9月7日,1,沒什麼好說的。
561,2014年12月19日,4,好玩又賞心悅目的遊戲，大家一起來玩，我的邀請碼為 fsxz9jz，一起那鑽石，注意只能十次唷
562,2014年12月19日,4,可以換成台版嗎？QQ 之前玩日版故事都看不懂，帳號可以移到台版嗎？
563,2015年1月22日,5,赞! 不错的游戏
564,2014年12月23日,5,可愛又好玩 幾乎每禮拜都會推出迷你活動，還有增加新角色，讓人天天玩都不會膩(≧∇≦)
565,2015年2月2日,5,恩 很好
566,2015年1月27日,5,Nice Very nice!!!比中文版好太多了
567,2015年1月30日,4,不懂！！！！ 這遊戲是不錯，但....有中文版的嗎?？？？
568,2015年2月1日,5,建議台版的玩家轉來日版！
569,2014年12月29日,5,很好 日版跟台版都很好
570,2015年1月29日,5,日版 很棒
571,2015年1月27日,5,GOOD Good
572,2015年1月6日,5,這遊戲 很可愛很好玩 招待碼: ijzcn  可拿鑽石和錢
573,2015年1月25日,5,楽しい
574,2015年2月19日,5,喜歡
575,2015年1月12日,5,l love  it
576,2015年1月29日,5,好玩
577,2016年1月1日,5,好玩
578,2015年2月26日,5,good
579,2015年2月11日,5,Good
580,2015年2月5日,5,很好*玩~
581,2015年2月4日,5,like
582,2015年1月9日,5,閃退問題補償 是個超讚的遊戲  只要中途閃退問題能做出補償就更好了  例如補回消耗AP的一半之類的
583,2015年1月11日,4,Good Very good nice
584,2015年2月1日,5,好玩 畫風很讚 人物可愛、現在顆鑽就可以抽
585,2015年2月10日,4,Good *^O^*
586,2015年2月21日,5,Good Good
587,2014年12月18日,5,"好可愛(^ω^)大家趕快來玩喔！ 嗨～~這個遊戲非常好玩喔！有攻城且破任務時遇到難關卡還可以請公會或者別人幫助你解決困難關卡，讚!，輸入招待碼:""volry"",彼此都可以獲得獎勵喔！!"
588,2015年2月3日,5,Good Good
589,2015年1月25日,5,Nice
590,2015年2月12日,5,so good
591,2015年2月10日,5,台版轉日版 我可以問一下為什麼日版比台版好呢是課金的地方嗎?還是哪 我本身是日版玩家 有次想上網找日系手遊玩就找到了這個(用日文查) 後來看到公車上有梅露可物語的廣告(台版) 然後想說畫風不錯去載來玩 找到時才發現 诶這不是那個メルスト嗎?ㄘㄟˊ=A= 不過我現在還是在台版打公會戰 因為日版目前沒有遇到台灣公會 語言溝通上.....(和日本玩家溝通=A=) 還有其實我覺得這郵系的劇本也很好 像是AVG遊戲+戰鬥 可是日版的劇情就OAO了 我去查過日版的卡片爆率和台版一樣阿 所以我是覺得沒什麼差別 想問問各位玩家感受>(_ _)<
592,2015年1月31日,5,機率整個很有愛XDDD日版讚！
593,2015年2月22日,5,Nice Nice
594,2015年2月8日,5,姐姐 吱吱
595,2015年1月10日,5,招待碼 招待碼:nittb1s 一起拿禮物吧~
596,2015年2月22日,5,棒 Good
597,2015年2月2日,5,GOOD! 日版比台般好多了~
598,2015年1月24日,5,Good Good
599,2015年2月7日,5,good good
600,2014年12月2日,1,以後不要出這麼沒人性的活動 リュビー森林→全ては君のために→激ムズ，第二場連一隻都打不過，SP都用光了，太難了，根本拿不到角色。試過四次了，還是打不過，偏偏要達成60%才有送，這麼難怎麼打，就算花錢鑽抽，那5☆4☆機率這麼低，花了也抽不到。這種打不了又拿不到活動的角色，一個字唬
601,2014年12月5日,3,5星卡難抽 冇课金玩了兩個月抽了3次十抽…只有一張4星…三張3星…抽三十張…冇5星都比多d4星3星人啦…
602,2014年10月24日,5,建議馬來西亞 建議馬來西亞想玩繁中版的請人翻譯日文或英文寄信到日本的信箱哦! 日本公司還蠻注重玩家的來信! 簡中版好像不是日本自己管理的~ 有機會一起玩^0^
603,2014年12月6日,5,"覺得好玩 這並非是一個抽抽五星隊伍就能變強大的遊戲，一張覺醒過的二星也能比一張未覺醒過的五星強大，所以只抽到三星和二星絕對已經夠玩了，如果是為了""五星""而來的話，抱歉，這遊戲不適合你"
604,2014年10月30日,2,希望马来西亚能出华语版 这游戏的确很好玩希望能把华语版的梅露可物语权限发布到马来西亚地区，如果再出个英文版的话会有更多人游玩此游戏，希望能快点玩到华语版的
605,2014年12月17日,4,没有漢化看不懂 快漢化啦，都看不懂
606,2014年10月23日,4,外国玩不到华语版 我马来西亚人 我下载不到华语版 日文看不懂 搞到很郁闷 马来西亚人不是人？ 为什么不可以下载华语版？请开放给外国人玩 这样你们游戏会很多人玩
607,2015年1月8日,2,二星 一直抽到二星
608,2014年12月13日,5,招待碼:syqrz，輸入有特別禮物喔~這是一款很好玩的卡片跑路遊戲，歡迎來玩~
609,2014年12月5日,5,大好き いいＧＡＭＥだよ！
610,2015年1月18日,4,如何换华语？？？
611,2014年12月26日,5,好玩 畫風好棒
612,2015年1月3日,5,大好き
613,2015年1月6日,5,kawaii nice game yoo~≥﹏≤
614,2015年1月14日,5,看重人品的好玩遊戲啊！
615,2014年12月8日,5,非常可愛 很好玩
616,2014年12月13日,5,Gooood Very gooood
617,2014年12月10日,5,超面白いよ！みんなで提案して！
618,2015年1月8日,5,强 可以换中文写
619,2015年1月1日,4,GJ
620,2015年1月8日,5,GD LOVE
621,2014年12月6日,5,好 好玩
622,2014年12月29日,5,Ha ははははは
623,2014年12月20日,5,讚 好玩
624,2015年1月7日,5,good good
625,2014年12月17日,4,不错 不错的游戏，画风赞\(≧▽≦)/
626,2015年1月8日,5,yas
627,2014年12月24日,5,Good Good
628,2015年1月1日,5,华语怎么弄？
629,2014年12月5日,5,so good
630,2015年1月7日,3,請問華語怎樣弄？
631,2014年11月8日,5,玩過中問版換玩玩看日文的 不知道會不會好運點
632,2014年12月27日,5,儲值 誰能告訴我如何儲值？？
633,2014年12月6日,5,Nice
634,2014年10月29日,2,提出問題 這遊戲難道就只能自動化羅~不能手動嗎
635,2014年12月19日,5,很好玩 我的邀请码是xjom2fh，快邀请我，大家一起拿钻石
636,2015年1月10日,5,招待碼 招待碼:nittb1s 一起拿禮物吧~
637,2014年12月17日,5,Good 喜翻～
638,2015年1月19日,5,nice game
639,2014年11月28日,4,看不懂QAQ 看不懂在说什么，可是又觉得很好玩.希望马来西亚也可以玩华语版的QAQ
640,2014年12月2日,1,以後不要出這麼沒人性的活動 リュビー森林→全ては君のために→激ムズ，第二場連一隻都打不過，SP都用光了，太難了，根本拿不到角色。試過四次了，還是打不過，偏偏要達成60%才有送，這麼難怎麼打，就算花錢鑽抽，那5☆4☆機率這麼低，花了也抽不到。這種打不了又拿不到活動的角色，一個字唬
641,2014年10月20日,5,招待碼 招待碼：ixivx     輸入後運氣+100%
642,2014年11月1日,5,"加我邀请码 vftdpbz 我教你们下载中文版的(在google play )无需Root，那里一个国家都可以, 加了联络我we chat : cutie3344"
643,2014年10月25日,5,ㄨㄘㄔㄨㄖㄜ 無個余奴役一開車昂辣妹體餓離開去世界波特萊爾虞我詐術士紳士紳商品味蕾絲毫不差不錯覺知心話語文化體系統分析骨以爨婦人干事業主題派對象牙塔墩鎖門口味道路以目的地址
644,2014年12月4日,5,好很玩~\(≧▽≦)/~ 但是我日文只會一點點而已…其它的看不明白~算了
645,2014年11月8日,1,進不去！！ 憤怒:-|  廣告打那麼兇幹嘛!？
646,2014年10月22日,4,不错 可惜看不懂
647,2014年10月22日,5,虽然看不懂 但现已找到中文版 给个五星
648,2014年11月29日,5,好玩。 雖然看不懂日文，但很不錯玩的。
649,2014年11月6日,4,那個介紹文…… 不，就沒人吐槽下那個中文介紹文嗎？另外這是個好遊戲，希望五星角快來……
650,2014年11月1日,3,最近閃退很嚴重
651,2014年12月1日,5,你们真懒 中文的去Baidu一搜就有，只是不支持谷歌付款而已，弄个支付宝就能氪金了。
652,2014年11月22日,2,"都是爛卡 抽不到好卡,(好難過關)"
653,2014年10月31日,4,看不懂 看不懂日文o(︶︿︶)o唉
654,2014年11月4日,5,非常好玩 劇情非常精致有趣！超可愛的！！只是卡片好難抽阿
655,2014年10月28日,4,招待碼 g87fwoh 新手 一起加油吧 鑽石好貴不能課金
656,2014年11月8日,5,( ´▽` )ﾉ 雖然有一點點看不懂，可是還是很好玩der~~
657,2014年11月4日,5,Very good game Love it very good
658,2014年10月21日,5,遊戲中段就一樣少體力 (很好玩) 玩到一半自動跳線體力少了但不能接序上一場
659,2014年10月21日,5,人物可愛劇情也有趣 如果抽四五星的機率能更高就好了
660,2014年10月24日,5,怎样换成华语版
661,2014年10月22日,4,怎麼連這也一開就閃退啊? ASUS ME371拜託讓我玩！
662,2014年12月4日,4,互相邀請 yrrnozy互相拿鑽抽角
663,2014年11月28日,4,三星以上傭兵若能提高抽中機率會更好
664,2014年11月18日,2,"不是下載就可以拿到一起睡吧的真櫻,那真櫻在哪?"
665,2014年11月29日,5,Damm good More daimond man
666,2014年11月16日,5,まぁ いいだと思います
667,2014年11月25日,5,招待碼(招待コード) ddjoob9　お願いします٩(๑´3｀๑)۶
668,2014年11月28日,5,Excellent Game Engaging and game play like nothing before. Good graphics too. Pitty it is only in Japanese...
669,2014年11月3日,5,good game charactor so cute
670,2014年12月2日,4,有問題 很可愛，可是我打公會戰會一直跳出去...然後再重新開遊戲BP值就會被吃掉...
671,2014年10月28日,5,公會~黃昏之塔 招待碼打ye78@zn @改g謝謝 可以拿鑽石喔  互利 一起玩吧。
672,2014年10月21日,5,好玩 第一次玩到這類型的遊戲，人物也可愛
673,2014年11月28日,5,遊玩最久的平板遊戲 還沒推好友入坑
674,2014年10月21日,3,no bad no5 star for starting
675,2014年11月22日,5,輸入邀請碼xfpa332拿鑽石抽卡喔! 新手要先玩到10級以後在遊戲的選單中選邀請然後輸入邀請碼xfpa332拿鑽石抽卡喔!祝大家中5星!
676,2014年10月27日,5,很好玩 掉寶率希望可以提高一點
677,2014年11月14日,4,求加招待碼！ TTATT a6gda9n
678,2014年11月12日,1,鑽石被吃 好不容易破完條件，突然鑽石就被吃五顆，請快點解決
679,2014年10月23日,5,Please add more language in this game。 At least please input english and chinese in this game because it allow other country to play but not just japan。single language will making us feel that your selfishness。so please。add more language。
680,2014年10月22日,5,好玩 遊戲內容豐富，人物又可愛
681,2014年11月6日,5,面白いね 面白いね
682,2014年10月24日,5,這是招待碼呦～～ 招待碼： qtyhwuq              &gt;w&lt;
683,2014年10月31日,5,畫風挺細緻的
684,2014年11月28日,4,我要華語版 馬來西亞玩家要華語版
685,2014年10月28日,4,希望海外能玩到台服
686,2014年10月26日,5,日版怎麼綁定？？
687,2014年11月7日,5,日版比台版完美多了
688,2014年11月2日,4,招待碼 avonysc 加入感恩 招待碼 avonysc 加入感恩
689,2014年10月27日,5,还好 有华文会跟好
690,2014年10月29日,3,不錯玩 簡單上手，畫風不錯
691,2014年11月14日,5,覺得喜歡 不錯玩
692,2014年12月1日,5,招待碼 41zrb7f
693,2014年10月25日,5,招待碼 y3bau
694,2014年10月24日,5,怎样换成华语版
695,2014年11月21日,5,Good Fun game
696,2014年10月25日,5,招待碼 招待碼→mtjcy
697,2014年10月28日,5,好玩 打發時間的好遊戲
698,2014年10月24日,5,fun :3
699,2014年10月22日,4,招待tm5sh 招待tm5sh
700,2014年11月27日,5,不錯的遊戲 空閒時玩玩也不錯
701,2014年10月28日,5,please 6sxmpv7 +++++
702,2014年10月21日,5,"入我招待碼:amyxcac,"
703,2014年11月3日,4,很棒 很好玩但是有中文就超棒！
704,2014年11月16日,5,good nice
705,2014年12月18日,5,角色可愛故事豐富！
706,2014年10月24日,3,求华文版 求解华文版
707,2014年10月26日,5,好玩是好玩可惜我看不明白
708,2014年11月17日,5,Very good
709,2014年11月4日,5,QA Awww
710,2014年11月22日,5,好玩 人物有治癒的fu~
711,2014年10月29日,5,不錯 要是能自己施放技能更好，試玩中
712,2014年11月6日,5,還可以 好卡在好抽點就更好了
713,2014年11月23日,4,還不錯玩～怪獸都很可愛
714,2014年11月2日,4,好玩 故事有趣操作簡單
715,2014年10月25日,5,为何没华文版?
716,2014年11月28日,5,不錯喔 可以改進處理速度
717,2014年12月2日,4,人物角色都很可愛，我很喜歡
718,2014年10月24日,2,X86 drive  can't  use
719,2014年11月18日,5,好玩 超好玩的 快來玩喔
720,2014年11月14日,5,真他媽得的好玩
721,2014年10月21日,5,好遊戲 不會膩
722,2014年10月26日,5,加我吧！邀請碼：iznzips
723,2014年11月14日,5,招待wkila ('・ω・') wkila
724,2014年10月26日,5,Good
725,2014年10月22日,5,有趣 不可多得的好遊戲
726,2014年10月29日,4,Like
727,2014年10月25日,5,wwww
728,2014年11月22日,5,可愛
729,2014年10月25日,5,很好玩
730,2014年11月27日,5,超好玩
731,2014年12月2日,5,棒
732,2014年11月28日,5,^_^ 面白い
733,2014年10月29日,5,很好 好玩
734,2014年11月3日,1,cool
735,2014年11月14日,5,覺得喜歡 不錯玩
736,2014年11月26日,5,讚啦！！
737,2014年11月3日,5,Good game!!! 好玩！！！XD
738,2014年10月26日,5,Good
739,2014年10月23日,5,:-) :-)
740,2014年10月22日,5,很好玩
741,2014年11月2日,5,good
742,2014年10月31日,5,Good Good
743,2014年10月24日,5,Nice
744,2014年11月15日,5,很好玩
745,2014年10月31日,5,good
746,2014年10月24日,5,還不錯玩 推薦唷～～
747,2014年10月30日,5,Good Good
748,2014年11月25日,5,good
749,2014年11月15日,5,好玩 同上
750,2014年10月25日,5,好遊戲 不錯玩
751,2014年11月5日,5,招待： 7oxr998 感謝して^^
752,2014年11月7日,5,很可愛 很可愛( ´▽` )ﾉ
753,2014年11月12日,5,Good
754,2014年11月15日,5,soso
755,2014年11月12日,5,大好！
756,2014年11月29日,5,超好玩 喝僧
757,2014年11月15日,5,好遊戲 非常可愛
758,2014年10月26日,5,很棒! 很好玩~
759,2014年10月23日,4,不错 没有华语版
760,2014年10月5日,1,邀请码:ekten 很好玩的游戏，不用高课金来破关，善用2星和3星就可以了，一起努力吧@@邀请码要lv10才可以输入哦
761,2014年10月2日,3,三星 只抽道三星
762,2014年10月14日,3,經常玩的時候彈出遊戲，但是照減了ap可否改善這個問題？這樣的情況發生了許多次，求更正
763,2014年10月15日,1,閃退 在今年三月我就有玩這款遊戲了，那時不管怎麼玩都不會突然閃退，現在玩一場關卡要玩到三到四才有可能過，看過劇情也可以閃退，中文版也是閃退嚴重
764,2014年10月13日,5,Good 花些時間就能有很大的成就，日版的帳號能夠轉去台版遊戲嗎？
765,2014年10月19日,5,日版最高！！ 台版抽卡抽不到好卡還有聊天室都是邀請碼是要我怎麼玩啊… 大家一起回歸日版吧
766,2014年10月5日,3,沒有中文嗎 看不懂日文
767,2014年10月19日,5,"蘿莉幼女 超不錯我喜歡楚楚可憐,惹人憐愛少女,順帶議題我不是蘿莉控,我喜歡這類型治癒系少女。"
768,2014年10月16日,1,閃退嚴重 特別容易發生在每個wave結束後掉落sp，錢，木材的時候。全特效已關，未使用加速，此問題依然存在。
769,2014年10月10日,5,閃退 如題，閃退很嚴重。。９９%都快升級了，一直閃退，卡了三天了
770,2014年10月17日,1,好玩是好玩啦。。 可是我完全看不懂他在写啥，可以出华语版的吗？
771,2014年10月27日,4,呵呵 呵呵
772,2014年10月17日,5,很好玩   本人id  nruu4  希望同時有中文和日文
773,2014年10月10日,5,邀請碼yvtuf 10等請在設定領取鑽石（ yvtyf ）中文版上架了耶ˊˇˋ兩版本並行 真的超喜歡～一起蒐集夥伴吧:3
774,2014年10月3日,5,Nice 非常輕鬆的遊戲，音樂不錯人物可愛，如果有興趣不妨在十級後輸入我的招待碼， 招待：9w4oq
775,2014年11月4日,5,好玩 好玩
776,2014年10月4日,5,梅露可物語 p4nkd 這是我的邀請碼 可輸入。
777,2014年10月9日,5,好玩 喜歡這遊戲，就是不太知道前期要抽卡還是練卡哪個比較好
778,2014年10月17日,5,"台灣版發布了 ! 在Play商店，查詢 ""梅露可物語 癒術士與鈴之旋律"" 即可遊玩 ^.^"
779,2014年10月16日,5,GD 非常優質的遊戲
780,2014年10月5日,5,我很喜歡！ 希望能有中文版和日文配音！♪
781,2014年10月25日,5,很好玩
782,2014年11月19日,5,好
783,2014年10月21日,5,讚 讚
784,2014年10月22日,5,很好玩
785,2014年11月26日,5,讚
786,2014年11月2日,5,好玩 喵(^ω^)ﾉ
787,2014年10月11日,5,卡率 卡率阿阿阿!!!
788,2014年10月8日,5,招待碼nfm0c 非常好玩的橫向遊戲唷！請輸入我的招待碼nfm0c，就送你魔法石跟金幣唷^_^
789,2014年11月6日,5,好玩～～～劇情有趣
790,2014年10月25日,5,好玩 Good
791,2014年10月14日,3,人物绘图很不错，就是游戏坑爹了点，基本上需要微磕
792,2014年10月31日,5,讚 好玩
793,2014年11月7日,5,讚 讚!!!!!!
794,2014年11月22日,5,好 好
795,2014年10月11日,5,不錯玩喔 風格可愛，內容也不會太無聊
796,2014年10月20日,5,incredible game try it you will feel it
797,2014年11月13日,5,不錯
798,2014年11月11日,5,好玩 Good
799,2014年11月20日,5,好
