,reviews,Date,Score
0,"1.啟動包容量大,跟電池耗電外!2.運氣不太好,有時候會出現不想要寵物!(可以離線玩的遊戲)3.玩關卡,會卡住放不出技能!(除非是中獎,睡.毒.痲以外!)4.有綁遊戲金鑰匙,有設定>備份>要每天按右邊鍵確定備份!",2018年8月31日,3
1,画面是有点卡顿可能是我手机比较久款，如果各位过不了关卡可以上Google查看攻略,2018年8月13日,5
2,故意讓鯉魚王學會破壞死光，然後迴避的方向還不能自己調整 怎麼逃都有一隻會死逃什麼意思的？根本是在整人吧,2018年7月31日,1
3,今天系統發儍，入game後總是當機，再重新進入後已全軍覆沒，害我今天失了很多life.請盡快快跟進.,2018年7月31日,2
4,打開程式玩一次之後就沒辦法再打開來玩了😭😭😭 手機型號是HTC 10 evo Ps今天重安裝後也還是打不開😭,2018年7月27日,3
5,那個撤退的時候寶可夢會反抗嗎？我案撤退的時候會不聽然候繼續吃走也沒有被攻擊ㄚ?,2018年8月17日,3
6,可以不要讓玩家的角色這麼沒智商嗎 ，一直卡在牆角被打 不然就是一直往牆邊靠 等著被圍,2018年7月21日,5
7,查看寶可夢能力很麻煩，如果往旁邊滑可以直接換到下一隻就好了。寶可夢分類可以用屬性分類就好了,2018年7月29日,4
8,我希望呢個遊戲可以快啲更新 我玩到一半已經覺得好無聊 雖然我仲未delete 但係希望你哋快啲更瞓,2018年8月27日,2
9,很喜歡 但是換手機之後有部分寶可夢被回收 等級也變少 怎麼會這樣qq,2018年7月30日,4
10,ASUS Zenfone 5z 寶可夢復活會死當 真的很喜歡這個遊戲，可惜這個bug很讓人失望,2018年8月1日,4
11,希望趕快出二世代，雖然我圖鑑還沒開完ww 也可以多加一點其他的功能，P石進化淬煉之類的，很棒的遊戲~,2018年8月22日,5
12,神奇寶貝太少了吧應該多增加點神奇寶貝的種類而且 體力也很少然後回復時間也太多了建議改一改體力修復時間 而且神奇寶貝該怎麼進化,2018年8月3日,4
13,按撤退的時候他們都不會撤退，不然就是一直撞牆壁，已經好幾次因為這樣在打王的時候而輸掉了，請官方改善,2018年9月8日,3
14,短短不到一個禮拜就破關12之9並收集全部的圖鑑了，希望可以再更新,2018年7月20日,4
15,"風格可愛，操作別出心裁，招募新寶可夢的方式也很獨特，是十分不錯的遊戲， 
但缺點也是有的，閃避不易，放技能時即便敵人站在眼前不動也難以瞄準，命中率不知有沒有50%，頗令人難受，主要是類似「岩石封鎖」這種需要先出現瞄準方框的技能便會如此， 
還是說其實有命中率這一隱藏數值？",2018年7月29日,5
16,遊戲很不錯，也不會騙課金，就是太短了，玩了一個多星期後就全破只剩收集圖鑑，很可惜,2018年7月23日,4
17,從出到現在都沒有更新內容，能出的怪物能打到後面的也只是那幾支，超不自由,2018年9月9日,1
18,之前我玩嗰時明明仲有隻奉神太係到未死，但係佢話全部死哂！,2018年8月14日,4
19,這兩天，我打12-6遇到boss卡比獸，他只會一招補血，每次我打到剩半血就被補滿，永遠打不贏！請修正bug,2018年7月25日,1
20,可以把呱呱泡蛙還有把森林蜥蜴放進圖件裡嗎然後呱呱泡蛙還有森林蜥蜴把他們兩個弄程三節競化嗎😀,2018年9月28日,5
21,"自動刷12支9根本沒辦法 這遊戲寵物復活出來根本就不會放招 要放招才能回血 千萬不要給電腦自動刷 這遊戲跟本糞game 爛東西 
製作人根本智障bug一堆 屬性相剋也沒有說明",2018年8月9日,1
22,希望可以新進一個功能就是：即使在煮東西也能看自己的食材有多少,2018年9月16日,2
23,可否改善因休眠中斷遊戲的問題，或是建一個選項給玩家自行設定，謝謝。,2018年7月20日,5
24,5z寶可夢復活會當機 到底要過多久才要修好這個bug,2018年8月3日,1
25,能出點不一樣的遊戲方式或活動嗎？破關很久了，都沒新花樣,2018年7月20日,5
26,這個真的很好玩 但希望之後會多一點更新 例如：多點寶可夢？加入多人遊戲？這樣的話應該更好玩的,2018年11月12日,5
27,"本來是很好的遊戲, 但突然說重置, 沒有了所有資料, 本以為幸好有影低帳號, 誰知當承繼檔案時原來只會記下當刻的紀錄, 之後的紀錄完全沒有了!! 
大家記得久不久要記下帳號及Key",2018年7月22日,1
28,希望可以新增玩家互動系統，另外落岩有時候會亂丟丟很遠,2018年8月2日,4
29,我很喜歡這個遊戲但是我希望你們可以增加島嶼因為我都破完了,2018年7月24日,3
30,"There is only one button that you can dodge the deadly attacks, and the AI 
make it even worse, it's just like they didn't even move",2018年8月16日,1
31,裝飾物品和寶可夢都很可愛，希望可以變成真實行走的感覺,2018年8月4日,5
32,異色寶可夢無法分辨是哪隻，圖片上都一樣顏色,2018年7月23日,4
33,很好玩 不過希望關卡可以出多一點還有希望可以增加體力的上限 5個有點太少了,2018年12月1日,4
34,#pqneedbigupdate 如果自動戰鬥時可以用分散制就好了,2018年7月21日,5
35,何時會更新下一代的寶可夢呢~ 不會等全部玩家全打通了才要出吧......,2018年7月25日,5
36,按了迴避鍵很常去卡牆……迴避的機制是有多難做? 更新一下吧,2018年7月24日,3
37,沒有新的東西出來有點可惜，希望未來會有活動之類的 迴避鍵反應遲鈍沒什麼作用,2018年8月20日,3
38,啥時才要更新出新的啊難怪一堆人都不想玩了爛遊戲,2018年8月13日,1
39,寵物復活時會閃退 修正之後就改5星,2018年7月22日,4
40,為什麼Switch有送500禮卷，手機版就沒有送？有點不太公平！,2018年8月15日,2
41,Zf5z 復活會閃退 請盡速修補 目前無法遊玩,2018年7月22日,4
42,好玩因為寶可夢可以進化但我覺得最後應該獲得超夢,2018年7月21日,5
43,神奇寶貝要復活時就會當掉跳出，只有我這樣嗎？,2018年7月25日,3
44,閃躲一直卡牆，我閃躲是要躲招式，不是反被打的更慘，那這樣還有什麼意義啊,2018年8月6日,1
45,好好玩，坐地铁高铁发呆蹲坑必备休闲小游戏,2018年8月12日,5
46,小品的蒐集癖遊戲，破關後就是一直蒐集各種物品和精靈，控制方面有點弱，不需儲值或看廣告也能玩到最後，整體來說是有趣但不長久的遊戲,2018年10月25日,5
47,有無新世代的寶貝嗎出現？ 或是新關卡？ 不然總覺得很空虛 一堆人嗑金破完就退坑 這遊戲馬上就倒了… 賺錢不是一時的 要有長久之計啊,2018年9月12日,4
48,BUG已经修复，全部关卡打通，现在正在享受收集的乐趣！,2018年7月20日,5
49,ZenFone 5z戰鬥死亡後復活還是會閃退,2018年7月20日,1
50,好可愛的遊戲，希望可以出可以跟朋友連線打怪物的東西,2018年8月9日,5
51,更新囉 技能不會當了 還送100券 繼續支持,2018年7月19日,3
52,希望可以顯示寶可夢進化的等級ex: (小火龍進化要幾等才能進化),2018年9月2日,4
53,閃避系統做好 有時麻痺效果已經「結束」時 無法按出技能,2018年7月25日,4
54,希望能多加地圖和神奇寶貝種類 讓遊戲能玩的長久,2018年8月2日,5
55,更新後改善寶可夢技能卡住問題,2018年7月19日,5
56,我希望寶可夢多增加幾隻在隊伍裡面，增加戰鬥力，只放三隻，太小氣了,2018年7月22日,4
57,希望能多出幾代的寶可夢跟地圖,2018年8月7日,5
58,幾時會出mega進化？ 到時希望噴火龍果兩個mega進化都有得揀,2018年8月18日,5
59,好玩啊! 但自動戰鬥寶可夢不會撤退有點麻煩...,2018年7月25日,5
60,現在也太扯了吧 變成越更新越爛 可以要求退費嗎,2018年10月13日,1
61,不多說了，就是電池太少等太久，推薦辦每日登錄簽到活動,2018年7月24日,5
62,卡比獸可以不要一直補血嗎 一直拖時間啊,2018年8月6日,3
63,技能更換根本0% 每次放滿都失敗 洗技能就飽了,2018年9月8日,1
64,這個遊戲太坑玩家的資金，每次製作材料過來的都是一般稀有精靈不是說很強的神獸,2018年9月10日,2
65,Bug調回來了，但貝殼掉寶率感覺調低了,2018年7月21日,5
66,更新之後超夢健美後常站在原地不動,2018年7月20日,4
67,希望可以把二到六代的寶可夢加進去,2018年8月23日,5
68,還不错的，但是如果可以把鯉魚王的CP變高,2018年7月25日,5
69,方塊動物讓我感到好可愛超萌的,2018年7月23日,5
70,Nice mini game. It would be nice to have a marking system add in for finding THE pokemon in its own kind.,2018年8月23日,4
71,什麼時候會更新?出一下新野比較吸引，不更新不然會很悶的,2018年8月5日,5
72,輕鬆可愛，若可指定控制角色方向會更好，也希望有再更新進度唷,2018年8月28日,4
73,10-1有bug，選擇10-1後，每次都停在loading的位置，要退出重開，而且扣了一格電。剛剛發現其他關也有同樣問題，共損失了三格電。😡😡😡。又試過關掉重開直接進入戰鬥，精靈全部死掉。其他玩家也有相同情況，都係samsung手機,2018年8月4日,5
74,現在像這不坑錢的真的越來越少，而且 掛機也很適合較忙的人。,2018年10月17日,5
75,這個遊戲可以陪養有起有落的精神，還不錯。,2018年8月13日,4
76,"New bug, the expedition will close when one of my character is still alive",2018年7月20日,1
77,希望可以推出多人連線對戰及新系列的島嶼跟寶可夢,2018年10月11日,5
78,作為一個單機小遊戲來說絕對是絕品，但打爆後的可玩性很低,2018年11月16日,5
79,不更新新遊戲內容 不更新新遊戲內容 等第一波課完直接擺爛 真的很賺,2018年12月5日,1
80,"遊戲設計出色，可惜跟PMGO的問題一樣，沒有在遊戲火熱的時候趁勝追擊持續更新，維持遊戲熱度，這家公司的老毛病，可惜,可惜",2018年9月19日,5
81,希望可以快點更新 再不更新 恐怕到時候 大家連回歸都懶得重載了,2018年9月8日,5
82,希望可以出其他神奇寶貝食譜,2018年7月21日,5
83,為什麼冰凍效果解除之後不能開技能呢？,2018年7月20日,3
84,為什麼我轉移手機然後 記錄回塑到之前的,2018年7月25日,1
85,希望增加多個小組編隊 第二世代,2018年7月29日,5
86,P力石背包無法開啟，會閃退,2018年7月20日,4
87,"stupid eevee, I hate it , but very good game",2018年8月4日,5
88,很好，但希望可以有連線交換精靈系統,2018年7月21日,4
89,復活就閃退到底怎麼玩,2018年7月27日,1
90,可愛好玩，希望島嶼能放更多裝飾品、開放更多新寶可夢跟關卡。,2018年9月16日,5
91,一直無法進去遊戲，一直在更新畫面，更新了一個月根本沒進展，整個無言，沒備份就這樣什麼都沒,2018年9月24日,1
92,如果3d龍，大岩蛇之類能進化就好 而且探險能加速會更好,2018年10月8日,5
93,更新後好很多，漏洞解除了，還送一百券。,2018年7月19日,5
94,Zenfone 5Z 玩會死當閃退,2018年7月29日,1
95,復活閃退的問題還沒解決,2018年7月20日,1
96,非常好玩的重點是噴火龍人載在上面還可以飛,2018年8月6日,5
97,希望可以推出更多寶可夢,2018年8月12日,5
98,能否加個標記神奇寶貝到我的的功能,2018年8月2日,4
99,超級好玩，但是其他的神奇寶貝跑去那，煮湯給它們吃，大該都是那幾隻，可以新增神奇寶貝,2018年8月22日,5
100,角色不動問題請盡快改善。,2018年7月20日,4
101,好玩誒 做的很可愛~ 可是噴火龍血太薄!!! 希望1改善!,2018年7月21日,5
102,還不錯 希望推出玩家多人連線,2018年8月4日,4
103,好不容易集滿探險獎勵 多打一場歸零了什麼鬼,2018年8月3日,1
104,拜託趕快大更新吧 第二代的也可以趕快出來了,2018年8月30日,5
105,覺得很可愛，希望日後可以收入其他時代的寶可夢,2018年11月28日,5
106,製作用心，貼心提醒隨時備份，好遊戲加油！！,2018年7月21日,5
107,復活還是會閃退,2018年7月20日,1
108,寶可夢變得好可愛,2018年7月23日,5
109,希望可以出後幾代的寶可夢,2018年10月7日,5
110,希望能早日有更新增加pokemon的種類,2018年8月8日,4
111,希望可以收其他世代的寶可夢,2018年8月13日,5
112,鍋子煮到卡住 APP重載也沒用,2018年8月12日,3
113,儘管更新，還是希望不需網路也能遊玩,2018年9月11日,5
114,請問我要如何找回之前帳號 因為之前我刪除了遊戲,2018年11月25日,5
115,老實說很多都不清楚，而且背包太小，友情卡完全不夠用，重點幾等才能進化啊！！,2018年9月4日,3
116,上次其實此時開始從其實是此次實施此次事實上此次與愉悅月月是在,2018年11月8日,5
117,遊戲內容沒更新過 不然還蠻好玩的 可惜了,2018年8月20日,1
118,希望能更新把目前沒出的寶可夢補完。,2018年10月2日,5
119,怪力太常發呆導致滅團,2018年7月19日,4
120,希望可以增加月精靈草精靈 仙子精靈,2018年8月11日,5
121,遊戲不錯 希望有多新地圖 新的寶可夢,2018年8月19日,5
122,關遊戲後，再進入卻都卡再讀取畫面?,2018年7月20日,1
123,我什麼停止更新了 停止太久了吧傻眼欸 還會更新嗎,2018年10月25日,1
124,遊玩不到是不是要 iPhone才能玩嗎？,2018年7月29日,1
125,這個遊戲很好但希望能操作自己的神奇寶貝:-D,2018年10月9日,5
126,希望能修改一下發熱耗電的問題,2018年7月20日,4
127,為甚麼才一個多月沒登入帳號就不見了爛,2018年8月18日,1
128,差不多該更新了吧都一直打重複的關卡,2018年9月15日,5
129,求更新後面幾個世代的寶可夢,2018年9月3日,5
130,希望能出二代寶可夢,2018年9月11日,4
131,我跟本連游戲都進不去,2018年10月3日,1
132,身上感覺你會在只能靠在一起走到底在我心中有鬼片尾曲子宮癌細胞核♥區的是因為♥♥中有鬼神經病人數量產後期望著急需先說👌說歹徒✋指教授權書店👪人的事件處理方式樣樣式微意義請勿參考靠左走德文件事項圈裡頭痛痛苦惱🔥車票房屋貸款式,2018年10月12日,5
133,他們很好玩又是正方形的好有趣喔,2018年11月11日,5
134,希望你能把遊戲變得更3D,2018年12月1日,5
135,Zenfone 5z根本無法玩，開打不久一直閃退,2018年8月18日,1
136,玩了一陣子，AI 很糟糕，技能不平衡，畫面過場太久，大概只有美術加分。,2018年10月25日,4
137,新更新 有解決bug 做得好,2018年7月20日,5
138,遊戲本身不錯 可是太久沒更新了,2018年10月18日,5
139,遊戲很好玩，但是最近出現玩到一半閃退，非常困擾…,2018年11月11日,3
140,你們到底在期待移植的遊戲更什麼新,2018年11月24日,5
141,更新後 寶可夢就會神遊不放技能@@”,2018年7月23日,5
142,Asus 5z會一直閃退…😭😭什麼時候才能正常玩遊戲😭😭,2018年8月6日,4
143,我登入遊戲時我的遊戲資料全被刪除了,2018年8月26日,1
144,玩到後面很無聊,2018年8月12日,5
145,zf5z 死亡復活會閃退,2018年8月3日,4
146,希望快點出第二代,2018年8月7日,5
147,希望可以繼續出後面的世代,2018年8月16日,5
148,希望能出第二三代的，多一點關卡,2018年11月16日,3
149,有趣，耐玩，可愛，值得下載的一款遊戲,2018年7月20日,5
150,超好玩！！！,2018年7月25日,5
151,點解斷承不到檔案,2018年8月28日,4
152,好玩的遊戲，希望有新世代的寶可夢更新！,2018年9月27日,5
153,太好玩了拜託快點出新的,2018年10月17日,5
154,废游戏不更新了骗钱吗,2018年10月17日,1
155,可知道很多寶可夢,2018年8月2日,5
156,沒有後續的更新，會讓人沒有動力玩下去，希望有所改善,2018年10月17日,3
157,期待出新地圖 新寶可夢,2018年11月10日,5
158,在打不到對方的位置一直鬼打牆 一直不能靠近就這樣被打死了？？？？,2018年7月24日,1
159,去的時候不知道怎麼了都不知道怎麼玩,2018年10月5日,2
160,不支援18：9 全屏幕,2018年8月11日,2
161,終於更新囉～,2018年7月20日,4
162,我覺的可以在更好一些，像是更新之類的,2018年12月1日,5
163,好遊戲 沒更新很可惜,2018年12月1日,5
164,加油!很好玩!,2018年11月18日,5
165,裡面的神奇寶貝都很可愛,2018年11月10日,5
166,很無聊，很耗電，沒有新的東西,2018年10月9日,1
167,希望可以快點更新,2018年11月7日,5
168,沒有什麼內容的遊戲,2018年8月3日,1
169,這遊戲非常好玩,2018年10月20日,5
170,我太喜歡這個遊戲了！！！,2018年10月28日,5
171,可愛畫風，簡單易上手，非常適合消磨時間,2018年10月28日,4
172,我好喜歡,2018年8月12日,5
173,復活後閃退爛,2018年7月24日,1
174,經常卡住不能進入遊戯,2018年8月1日,3
175,一直登不進去,2018年7月28日,1
176,好！！！！！！！！！！,2018年8月8日,5
177,很可愛的小遊戲,2018年8月12日,5
178,因為我還沒玩過,2018年9月29日,5
179,add moar thingz plz,2018年7月26日,5
180,我拿到超夢,2018年7月31日,5
181,希望能再更新新玩法,2018年9月7日,4
182,很可愛!,2018年10月17日,5
183,很好玩期待更新,2018年10月2日,5
184,我打不敗富迪BOsS😭,2018年8月20日,5
185,希望能新增新的地圖區域。,2018年8月31日,4
186,美術設計很漂亮，好看的遊戲就會玩,2018年8月18日,5
187,很棒的遊戲， 拜託快更新，很期待後續發展,2018年9月7日,5
188,真的很久沒更新,2018年9月21日,3
189,好遊戲！畫風可愛！,2018年7月19日,5
190,一直進不去遊戲關卡，白白浪費體力,2018年7月25日,3
191,不再更新，讓我覺得花太多錢了……有點不值得,2018年10月16日,5
192,一有寶可夢復活就閃退 凸=_=凸,2018年10月15日,1
193,快D出更新吧！,2018年9月6日,5
194,可以趕快更新新的種類嗎？第一代太少了,2018年9月2日,5
195,記錄消失 無法復原,2018年8月7日,1
196,為啥不要送水砲,2018年7月20日,4
197,讚喔！,2018年8月19日,5
198,意思無私哦賽似的,2018年8月6日,5
199,請平衡技能吧,2018年7月23日,5
200,修理很快，讚！,2018年7月20日,5
201,请多多支持。。问题全修改了。。一级棒,2018年7月20日,5
202,啥時候更點新東西？？媽的 这是等關服 ？,2018年12月8日,1
203,要更新了沒,2018年12月6日,1
204,不更新 無聊,2018年11月30日,3
205,Bug一堆，Boss破壞平衡，再不更新啊！?,2018年11月28日,4
206,很快就膩了,2018年11月18日,3
207,希望可以更新,2018年10月30日,5
208,我好喜歡,2018年8月12日,5
209,好可愛喔～,2018年7月25日,5
210,它们很可爱,2018年8月1日,5
211,可以多一個mage系統嗎？,2018年7月26日,4
212,希望常更新,2018年10月7日,4
213,希望可以更新,2018年8月31日,5
214,神奇寶貝能力強一點。,2018年8月20日,4
215,太好玩了!,2018年8月17日,5
216,超級無敵無敵無敵無敵不喜歡,2018年10月1日,1
217,可愛又好玩,2018年7月21日,5
218,期待改版更新,2018年7月23日,5
219,可以增添好友模式嗎？,2018年8月13日,5
220,好好好好好好好好好好好好好好好好玩玩玩玩玩玩玩玩玩玩玩玩玩玩玩玩玩玩玩玩玩玩玩玩玩玩玩玩玩玩玩！！！！！！！！！！！！！！！！！！！！！！！！！！！！！！！,2018年10月20日,5
221,和其他的一些 人,2018年10月27日,5
222,沒有更新的遊戲……,2018年10月23日,1
223,要怎麼進化,2018年9月29日,4
224,bug 改掉了😀😀,2018年7月23日,5
225,一直閃退,2018年7月21日,1
226,更新囉7777777,2018年7月19日,5
227,很棒的游戏,2018年9月3日,5
228,什麼時候要更新... 等好久了,2018年8月31日,4
229,再不更新...真的會越來越多人離去啊,2018年8月28日,4
230,什麼時候更新,2018年8月28日,4
231,超好玩,2018年8月2日,5
232,非常好玩,2018年8月1日,5
233,小时候的味道,2018年7月21日,4
234,還好啦,2018年7月27日,4
235,更新不？更新地圖就給五星,2018年7月31日,3
236,超好玩,2018年7月30日,5
237,Great game,2018年7月25日,5
238,怎麼卡在一開始就不能玩了。。。,2018年7月23日,1
239,開鍋當機……停止回應,2018年7月23日,2
240,開放二代,2018年11月19日,5
241,為何無法下載？,2018年12月6日,1
242,很喜歡,2018年11月30日,5
243,備份不見了 =(,2018年11月29日,2
244,好玩可愛,2018年11月29日,5
245,可以進化嗎？,2018年11月26日,5
246,毫無更新,2018年11月21日,1
247,很好玩,2018年11月17日,4
248,無聊又很農，一整個不知道在肝啥的， 打到後期路上一隻隨便只要會放混亂的怪， 就能讓你的寶可夢混亂到打死自己滅團， 敵方放異常狀態的技能九成都會讓我方中狀態， 我方放技能搞不好一場中讓對方發生異常狀態的次數是0， 這機率太妙了， 又加上遊戲流暢度很差，最近又開始按了技能之後延遲放出技能， 寶可夢也不是說想抓就抓的到， 遊戲方面看起來就沒啥有趣因素， 純粹就是在拖台錢延長遊戲壽命， 看起來也像是測試版本的感覺， 還有操控寶可夢的方式實在太無腦了， 有改善後再決定要不要玩。,2018年7月27日,1
249,好棒棒,2018年11月13日,5
250,非常好,2018年11月9日,5
251,容易膩,2018年11月2日,4
252,非常好玩,2018年10月23日,5
253,期待更新,2018年10月20日,4
254,一直徑賽,2018年10月13日,5
255,Very exciting,2018年10月2日,5
256,好好玩,2018年9月8日,5
257,超好玩,2018年9月20日,5
258,👍👍👍👍👍👍👍👍👍👍👍,2018年9月16日,5
259,超可愛❤,2018年9月15日,5
260,求更新,2018年9月15日,5
261,超級好玩,2018年9月9日,5
262,可以更新的時後，可不可以 鎖定你要的寶可夢？？？？,2018年9月7日,3
263,好可愛,2018年9月6日,5
264,很好玩,2018年9月1日,5
265,好可愛,2018年9月1日,5
266,很好玩的,2018年8月31日,5
267,第二世代？,2018年8月29日,5
268,很好玩的,2018年8月24日,5
269,很好玩,2018年8月22日,5
270,超級好玩,2018年8月20日,5
271,怪力打不過！！！！！！！！！！😑😑😑😑😑😑😑😑,2018年8月8日,5
272,超級可愛,2018年8月14日,5
273,Full of bugs,2018年8月6日,1
274,也不錯呢~🐽,2018年8月3日,4
275,超好玩,2018年7月30日,5
276,good,2018年7月25日,5
277,很可愛😜😝,2018年7月25日,5
278,可以進化嗎？,2018年7月24日,5
279,可愛，好玩,2018年7月23日,5
280,希望能夠有最愛系統防止吃錯，不然色違很容易吃錯因為要點進去才看得出 更新後有一隻寶可夢常常不會動作，按迴避也沒用。,2018年7月12日,3
281,更新之後隊伍其中一隻會站在原地不動不能放技能 這完全不知道怎麼玩雖然已經破關了但是還請你們盡快改善,2018年7月13日,3
282,好玩到爆了，雖然寶可夢不是很好收集，但是每個寶可夢看起來都很逼真，還有的會在基地裡疊起來，好好笑，我希望寶可夢可以再放多一點，這樣就會更有趣,2018年7月14日,5
283,我用lg v30+，更新完後，角色會原地呆站，不會攻擊不能出招，原地等死,2018年7月12日,1
284,更新後 負責buff++的根本不會動 浪費體力 。 再不修正的話 只好砍遊戲囉 沒辦法玩,2018年7月16日,3
285,一隻永遠BUG站著原地不動，也沒看到官方立即修正舉動，只是擺爛到現在浪費體力在自我毀滅，叫人怎麼玩，負評不解釋了！,2018年7月13日,1
286,Zenfone 5z 角色死掉寶貝球的CD轉完就會關閉遊戲 希望能儘速修正 感激不盡,2018年7月12日,4
287,腳色會站在原地發呆，操作變得很詭異，按後退輸出角不會退反而會和BOSS打近身戰，好幾場都被這樣坑死了,2018年7月12日,3
288,👍👍👍,2018年11月30日,5
289,垃圾,2018年11月22日,1
290,好玩,2018年11月10日,5
291,畫氣可愛 玩法收集向幾好玩 但我剛剛有隻袋獸 得一招 增強拳 出完後牠就停左響到唔打唔行 希望盡快再修正下 謝謝,2018年7月18日,3
292,Rubbish,2018年10月31日,1
293,快更2代啊...,2018年10月5日,5
294,Good,2018年9月28日,5
295,好玩☺☺☺☺☺☺☺☺☺☺☺☺☺,2018年9月28日,5
296,Good,2018年9月19日,5
297,我太喜歡zenfone5z的獨規模式了，簡直就是地獄型態捨不得一隻死，尊爵不凡，別機種還無法配備！,2018年7月12日,5
298,Zenfone 5z還是有問題，這次變成寶可夢要從球裡復活時會閃退,2018年7月12日,2
299,寶可夢使用健美或縮入殼中等技能 常常會站著不動 讓我有點困擾,2018年7月17日,5
300,角色整天都會卡在原地不動 直接少打一隻輸掉 能快點處理一下嗎 本來體力就很少了 還經常坑掉,2018年7月13日,2
301,技能有時會黑掉不能用，還要先按閃避後才會恢復...還有有時隊友會卡住不能動，是怕我們玩太快是不是?唉~反正官方也不會看，只能來發洩情緒而已。,2018年7月15日,2
302,"本來給五星 但因為這次更新 只要從自動切回手動在開健美 那隻健美神奇寶貝就會卡住不動 重開沒用,換隻沒用,重載沒用,該不會你們公司也沒用吧？ 
更新後就不會了 好公司 繼續支持 也推大家來支持",2018年7月20日,5
303,更新後會有寶可夢在戰鬥時停在原地不動的情況，是否要做體力上的補償，這項疏失已經嚴重影響到遊戲體驗,2018年7月13日,1
304,Great,2018年7月20日,5
305,很棒,2018年8月15日,5
306,👍👍👍，非常👍！,2018年8月1日,5
307,最近在玩時發現我的一隻寶可夢在原地不動不能放技能，請儘速改善，我不希望我花錢支持的遊戲有這種問題,2018年7月15日,5
308,我三個包加门都買了，打玩超夢了，可是結果打完遊戲就結束了不讓我玩了，那我的錢是打水瓢了？我圖鑑沒開完，然后沒拿到健美的神奇寶貝，沒見過三神鳥你就這樣結束？,2018年7月15日,1
309,更新後時常出現進入戰鬥一隻寶可夢不能動浪費體力，請快修復再給5星,2018年7月12日,4
310,棒,2018年7月25日,4
311,很可愛😜😝,2018年7月25日,5
312,普通,2018年7月20日,3
313,好玩,2018年7月22日,5
314,優點是可以離線玩 但是常常在關卡中寶可夢會被地圖卡住 導致怪打不到 也打不到怪的問題 算是不會失敗可是也很托時間,2018年7月14日,2
315,這兩天給它自動攻擊，他都會當機，寵物直接卡著，然後不會動，希望你們可以調整一下,2018年7月13日,3
316,更新了以後隊伍的其中一隻會卡著不能動不能放技能 暫時是刷12-9時有快拳郎的話就有這bug,2018年7月18日,4
317,好玩,2018年7月21日,5
318,好玩。。激死😂,2018年7月20日,5
319,1) 角色會卡著不動 2) 因為有角色卡著，鏡頭會看不到其他已走遠的角色 3) 遠攻角色經常走向前，近戰角色反而不走近,2018年7月12日,3
320,更新之後角色原地無動作 無法攻擊放技能,2018年7月12日,1
321,原本健美角站在原地的問題沒那麼嚴重 重開就好，但現在每一局都有這個問題，等到問題解決會再考慮給回五星，畢竟遊戲真的很好玩,2018年7月14日,1
322,遊戲很棒哦 希望可以幫寶可夢改名跟對戰系統 然後這次更新之後開始會出現寶可夢站在原地不動（也不會散開或放技能）的情況 出現不少次了希望盡早改善 謝謝,2018年7月13日,5
323,挺有趣的，希望继续为大家带来更好的作品。主要是宝可梦正统作要多多努力。,2018年7月14日,5
324,第六章最後很難過請調簡單一點我就給五星,2018年7月16日,4
325,Bug多設計不良 遊戲平衡極差 難控制 角色不聽使喚 玩家機率技能99.9%非洲 同樣技能怪的機率極高,2018年7月18日,2
326,bug不修改，Buff角色整場發呆，又不給退費，或是補償，給你一星還嫌太多，爛,2018年7月18日,1
327,為什麼寶可夢都站在原地不動，這樣要怎麼玩，本來想儲值點數的後來看到這樣狀況根本就不想儲值了，如果沒有修復這個狀況建議大家不要下載玩。,2018年7月18日,1
328,更新後 開自動 角色不會自動放招還會站著不動 之前打的過的一直翻船 先給負評,2018年7月18日,1
329,體力恢復真的極慢，還有攻擊與攻擊之間停滯太久了，卷子不好拿加上最重要的一點，遇到好的寶可夢的機率有點低...,2018年9月15日,3
330,更新後寶可夢會，很常一直卡住，往往都是輔助角不能動，倒置過關失敗，我看到很多人都在反應了，什麼時候可以解決？,2018年7月17日,3
331,很讚～神奇寶貝就是要支持啊！就算是方的還是一樣可愛。 只希望之後還會出其他代的神奇寶貝OWO 回復改名問題，在配置P墜子裡按神奇寶貝的名稱就可以改名了哦,2018年7月16日,5
332,遊戲更新問題，角色一直有隻卡住，如果你們是賺到錢之後就不想理遊戲的問題(好幾天了，都未改善也未公告)，那沒辦法再給好評價了。,2018年7月17日,2
333,更新完 角色一直不動啊 放健美會卡 技能還放不好,2018年7月13日,5
334,最近buff 技能有bug 用過1次之後用不了 求快改善,2018年7月12日,3
335,更新後用健美的超夢一開場老是卡死，請盡快修正，謝謝。,2018年7月15日,4
336,改版後只要buff角色就常定住不動了，玩的很火大,2018年7月17日,1
337,更新之後寶可夢更常站在原地發呆,2018年7月12日,1
338,特地上來給負評 都快兩天了bug還不處理 是要浪費大家多少時間,2018年7月20日,5
339,昨日更新完以後神奇寶貝常常卡住不動導致遊戲無法進行 請改善,2018年7月13日,2
340,怪力放健美的時候常常會整場原地不動可以修改一下嗎？,2018年7月14日,5
341,每次開完鍋都跳到最小的鍋害我每次都煮錯爛死了,2018年7月15日,3
342,為什麼我的命中要害機率堆到100了沒發發都暴擊（我知道要害傷害提升跟要害機率提升的差別,2018年7月23日,4
343,最初版本並無此問題，但現在的版本ZENFONE 5Z復活時會當機，且最新版仍未修正。,2018年7月22日,1
344,更新完才看到留言 其中一隻開招都卡住 早知道先不更新了 能快點改善嗎？,2018年7月19日,4
345,Zenfone 5z寶可夢一復活就會跳掉遊戲,2018年7月12日,3
346,遊戲一開始每次都卡在讀取畫面，開了快三四十是都開不起來，但有時十幾次就可以，不知道是不是手機問題，還是有什麼其他原因?,2018年7月13日,1
347,建議帳號可以不要24小時才能轉移手機真的很麻煩 要儲值又要換手機,2018年7月21日,4
348,更新後，一開場精靈就不動，不開技能！重開後也是一樣，是不是要補賞體力？雖然有這個bug，但玩法十分有趣，所以希望趕快更改這個bug😚,2018年7月19日,5
349,到底什麼時候要把一隻不動的bug修復呀… 關鍵時刻少一隻真的很痛苦啊,2018年7月19日,3
350,這遊戲更新後強化技卡頓bug很嚴重 間接令遊戲完全無法進行 為何貴團體還沒立刻將其下架? 避免玩家更新 造成更多損失 問題已快一周了 補救方案應該有吧？,2018年7月19日,3
351,5Z更新之後，寶可夢死掉復活會當掉，希望能盡快修復！,2018年7月12日,5
352,在自動戰鬥模式下，技能為攻擊力提升的精靈有機率在使用該技能後停止行動，造成戰鬥時間延長 請盡快修復此錯誤,2018年7月18日,4
353,神奇寶貝躲避方向固定往後，那要怎麼躲直線攻擊？神奇寶貝定點不動的問題還不改善是要玩沙洨？,2018年7月17日,1
354,更新過後有bug產生，只有健美寵有這種情況，玩10場有4~5場會技能只放一半，之後卡住不動 請立即改善，謝謝,2018年7月16日,4
355,那時候要更新？永遠有一直戰著怎麼玩？ 想說是好遊戲所以花錢支持了一下結果更新完讓我很失望重點是連出來回個話都沒有,2018年7月15日,3
356,一直不能動的BUG，很想讓人退費耶！請給我一個處理期限！所有的友商我都買完了，卻一直卡BUG，不過我總和評價是喜歡的，請你們盡快處理！,2018年7月15日,4
357,遊戲時不時的一隻寶可夢卡住不能放技能也不能動，還有一旦寶可夢分開來打會導致畫面停在中間根本不知道旁邊兩側的寶可夢打的如何，希望這點能改善不然就只能看著空地發呆了！,2018年7月14日,2
358,暂未遇到评论里说的那么多问题，就是我并不知道多了啥任务。我现在用的妙蛙花，更新完来了个鬼斯，还有一个飞天螳螂。NS上面更新完送500票，这个没送。以上。,2018年7月14日,5
359,為什麼我的寶可夢在探險時都原地不動，它明明沒有中毒之類的，還不能使用技能，這樣要怎麼玩,2018年7月13日,4
360,很好玩，而且我希望你們增加第二代的寶可夢,2018年7月16日,5
361,有一隻都不會動浪費我3體 體力就在少了還這樣 本來可以快贏了變成輸掉,2018年7月14日,1
362,Asus Zenfone 5z更新後變成復活會當機，還是不能玩,2018年7月14日,1
363,更新後角色無法正常施放技能，請盡快改善,2018年7月14日,3
364,更新完腳色站在原地不動。,2018年7月12日,3
365,角色不會動不能按技能，逃跑也不行，害我一直翻,2018年7月13日,1
366,遊戲很好玩喔~ 會出其他世代的寶可夢嗎？ 可玩性會大增!!!,2018年7月15日,5
367,更新後出現原地不動的bug,2018年7月12日,3
368,角色原地發呆只能退出去浪費體力,2018年7月12日,1
369,三隻角色，一定有一隻卡著不會動，連技能都不能放，希望能趕快改進,2018年7月13日,3
370,更新完角色卡著被打怎麼玩 到底要不要修阿 愈修愈爛,2018年7月13日,1
371,怪力開健美後卡原地健美也沒使出來，加油！,2018年7月12日,5
372,更新後bug一堆 健美怪力站著不動一整場,2018年7月14日,1
373,更新後進戰鬥時發呆無法控制， 何時要修好?本來打好好的現在越打越火。,2018年7月17日,2
374,更新版後都會有一隻寶可夢站著不會動，煩請盡快改善,2018年7月18日,3
375,使用輔助招式(例如：光牆)的寶可夢在探險時一發動招式可能就會卡住，接下來就不會攻擊也不會移動，導致遊戲難以進行。很希望製作團隊能夠修正。除此之外其他部份都還滿不錯的，感激不盡！,2018年7月17日,4
376,購買了890的禮包，扣款了東西卻沒有下來，找Google play也不退款，氣死人,2018年7月16日,1
377,各位如果遇到bug 可以嘗試關掉app重開 我都是用這方法解bug,2018年7月18日,5
378,我的怪力一直定住不動不放招也不打,2018年7月20日,3
379,怪力放健身技能有時候都會卡住都不動不管怎麼按都沒反應，浪費我的體力，體力回復一點要半個小時直接就浪費掉了，麻煩可以改善一下嗎，很煩知道嗎,2018年7月16日,1
380,裝上團團石的精靈有機率卡死,2018年7月16日,3
381,很可愛，富有趣味性，唯一缺點是刷技能非常的坑…要花很多時間去栽培。,2018年7月15日,5
382,爛更新，更新之後一直腳色跟本不會動 跟白痴一樣 叫人怎麼玩的下去,2018年7月17日,1
383,內容有點少，課金了三天就能通關 憤怒繼續農完美隊伍,2018年7月16日,4
384,遊戲性不錯 感覺在逃跑跟放招的靈敏度可以在加強,2018年7月22日,5
385,更新後，會有寶可夢無法行動的問題 而且遲遲不解決,2018年7月17日,3
386,整體遊戲體驗不錯，但在戰鬥時常會站著不動希望盡快可以改善,2018年7月20日,3
387,經常有一隻完全動不了 希望可以修正一下,2018年7月17日,3
388,"有bug, 偶然發生一隻精靈失按不動作。",2018年7月16日,4
389,健美技嘅寵停在原地 又不能使用技能🤡,2018年7月12日,4
390,很常會有一隻站在原地不動也不發動攻擊....是為什麼？,2018年7月15日,2
391,我申請新的金鑰號碼 都沒下文 真的超慢,2018年7月16日,2
392,"請問我不記得繼承帳號跟金鑰是什麼了,有辦法查尋嗎",2018年7月20日,5
393,到底什麼時候要把一隻不動的bug修復呀… 關鍵時刻少一隻真的很痛苦啊,2018年7月19日,3
394,打8的Boss關 常常遇到一隻寶可夢不會動的情形,2018年7月15日,3
395,ZF5z 寶可夢死亡復活沒有遇到閃退問題,2018年7月13日,5
396,健美使用後角色會卡住不動,2018年7月12日,2
397,可以把其他世代的寶可夢加進去嗎？,2018年7月12日,4
398,寶可夢的走位……爛的無以復加……為何遠程攻擊的角色，會像神風特攻隊般，衝到敵人身旁貼著打？那擺肉盾是有啥屁用…,2018年7月15日,3
399,有顯示更新的不要跟新，你的寶克夢會卡死,2018年7月13日,2
400,請問會更新增加後面版本的神奇寶貝嗎,2018年7月20日,4
401,以為可以玩了 還是閃退 失望,2018年7月12日,2
402,一直卡一隻要怎麼玩,2018年7月12日,3
403,卡技能不修繕搞屁,2018年7月14日,1
404,更新後寶可夢變的更笨了........連動都不動的也有 不如不要更新,2018年7月12日,1
405,終於想到要修BUG了,2018年7月20日,3
406,只要寶可夢復活變會停止遊戲,2018年7月14日,2
407,更新後有一隻一直不動 傻眼欸,2018年7月13日,1
408,超能力系使用光牆技能會完全不動…,2018年7月13日,4
409,剛完成購買，帳號就被重置，有沒有客服能幫助？,2018年7月14日,1
410,為什麼，砍掉遊戲重新安裝，帳號無法登入！？這樣我的儲值點數就浪費掉了！？,2018年7月18日,1
411,好玩，但有時按技能會沒反應，然後原地掛機,2018年7月19日,5
412,完全開不到 根本就不是遊戲,2018年7月16日,1
413,更新後角色常卡住,2018年7月16日,2
414,希望可以出更多小精靈,2018年7月19日,5
415,可以有其他的儲值方法嗎,2018年7月17日,5
416,很常會有一隻站在原地不動也不發動攻擊....是為什麼？,2018年7月15日,2
417,更新後寶可夢不動了…,2018年7月12日,1
418,開了5分鐘都還在讀取,2018年7月14日,1
419,寶可夢原地卡住的問題到底要不要修,2018年7月19日,1
420,5z 寵物死掉復活後會當機快點修正,2018年7月19日,3
421,腕力健美罰站bug希望盡快修復,2018年7月20日,5
422,更新後 5z寶貝球復活一樣會當機,2018年7月19日,2
423,沒辦法雲端自動備份進度，手機故障還原後，失去一大段進度了…,2018年7月18日,3
424,會有一隻站著不動，連技能都放不了，只能放一次,2018年7月14日,4
425,其中一隻不會動QQ 原本可以過得都輸了...,2018年7月13日,3
426,可達鴨一直站著不動ㄟ刻意解決一下嗎？QAQ,2018年7月13日,4
427,更新後刺甲貝經常卡住了動也不動,2018年7月13日,4
428,有一隻常常會卡住，常常時間到最後輸,2018年7月16日,1
429,差唔多每場都總有一隻唔郁,2018年7月15日,1
430,更新後。總有寵會站原地不動。請快一點作出修正。,2018年7月15日,2
431,更新之后超梦会卡在那发愣，无法操控，赶快解决吧！,2018年7月15日,5
432,更新後寶可夢不會動,2018年7月14日,3
433,更新完後 放健美會卡在原地,2018年7月14日,3
434,有bug 怪力卡住左,2018年7月14日,1
435,怪力使用健美後會在原地卡住,2018年7月13日,1
436,太過分了。更新後怪力的健美使用後變不動了。等死,2018年7月13日,5
437,站在原地發呆不動,2018年7月13日,1
438,怪力每次出健美就當機！,2018年7月13日,4
439,最近更新後戰鬥容易卡死，然後動物就在那發呆，,2018年7月13日,4
440,角色會卡住不動,2018年7月12日,3
441,非常的可愛！,2018年7月13日,5
442,希望可以綁定Google Play,2018年7月12日,4
443,"搞什麼,更新後一隻角色變呆瓜了!什麼跟什麼啦…",2018年7月15日,1
444,希望可以出二代,2018年12月20日,5
445,好酷喔！寶可夢好萌喔,2018年7月17日,5
446,更新後出現問題，請儘快跟進,2018年7月13日,2
447,一直閃退 爛,2018年7月14日,1
448,刪掉遊戲之後，jp.pokemon.pokemonquest，卻一直在後台運行、耗電。,2018年7月15日,2
449,Zenfone 5z終於可以玩了,2018年7月12日,5
450,回避基本没啥用，希望再智能一点。,2018年7月15日,3
451,剛完成購買，帳號就被重置，有沒有客服能幫助？,2018年7月14日,1
452,可加第二三四五六七代三落去，更好玩!!,2018年7月16日,5
453,BUG吃我太多體力,2018年7月18日,1
454,寶可夢就是讚,2018年7月20日,5
455,希望能夠加好友，跟pk,2018年7月15日,5
456,It's a good game,2018年7月23日,5
457,好玩 ，更新完以後有時候會卡,2018年7月17日,5
458,明明沒按技能 自己放技能,2018年7月19日,1
459,更新後角色不會動， 怎會這麼差勁！！！,2018年7月18日,1
460,更新後有bug,2018年7月19日,1
461,好玩，希望快點出第二代,2018年7月17日,5
462,求新版第2世代,2018年8月24日,5
463,一隻一直不動,2018年7月16日,1
464,方塊寶可夢真的超級可愛 期待繼續更新更多關卡和寶可夢~\(≧▽≦)/~,2018年7月20日,5
465,寶可夢卡住,2018年7月14日,2
466,鬼鬼！！！,2018年7月16日,5
467,1.03版更新不了，一直顯示下載中，殘念！,2018年7月23日,5
468,更新bug時間有點慢,2018年7月22日,4
469,寶可夢會卡住，請修復,2018年7月17日,3
470,bug修復再改評論,2018年7月17日,3
471,怪力常站在一旁，動也不動，也開不了技能,2018年7月16日,4
472,Pokemon can't move in the quest,2018年7月13日,1
473,有一隻動不了，真的不用再玩,2018年7月15日,1
474,健美 bug 什麼時候才要修？,2018年7月14日,1
475,when to support 18：9 screen display？,2018年7月14日,4
476,寶可夢一直發呆,2018年7月13日,4
477,想課金啦,2018年7月13日,5
478,更新後角色會卡住不能操作！！,2018年7月13日,5
479,更新後角色會發呆,2018年7月13日,1
480,30分鐘回體有點久 可縮短至10或15分鐘 另外 烹飪食物給點提示可能更好 否則不知攻略的玩家胡亂碰撞會浪費素材 遊戲是用心的 值得玩下去,2018年7月2日,4
481,每次散開鍵都一直卡牆不然就是根本繼續打，招式都自己亂放我又沒開電腦帶打，也不能選擇自己要打的對象，希望公司能改進,2018年7月8日,1
482,有時候寶可夢會在遊戲中突然掛機 所有指令他都無視然後在原地不動 約20場有一次 除此之外遊戲還不錯,2018年6月29日,4
483,這遊戲做的很不錯，我很喜歡收集的感覺，但是能不能讓擁有的寶可夢都出現在基地顯示，還有可以在寶可夢多一個編號分類,2018年6月30日,4
484,遇到兩種讓我比較煩躁的情況 (1)撤退時常會卡住，按撤退反而損失更多血量(2)技能放不出來，或施放在奇怪的地方 另外其他地方還可以接受,2018年6月30日,3
485,目前覺得烈焰馬和風速狗是不是有bug瘋狂順移 然後希望閃避cd短一點 不要因為攻擊而不理會閃避 然後希望閃的時候不要傻傻的往牆壁撞 要會自己閃障礙物,2018年6月29日,5
486,越更越爛,2018年7月12日,1
487,我覺得不錯,2018年7月15日,5
488,卡住都不動，根本不能玩……,2018年7月12日,1
489,bug after update,2018年7月14日,1
490,更新完角色都不動了?,2018年7月13日,1
491,可以再更好,2018年7月23日,5
492,bug還沒修,2018年7月18日,1
493,完全不能玩,2018年7月17日,1
494,Bug修好慢,2018年7月16日,1
495,意外的很可愛,2018年7月17日,5
496,終於修正bug了,2018年7月20日,5
497,"請你們製作遊戲退出鍵 不然每次要退出遊戲都要用別種方式 很麻煩 還有我更新作業系統後電磁滿了都不會通知 我的手機型號:Samsung Galaxy 
S7 edge Android:8.0.0",2018年6月29日,4
498,5z閃退,2018年7月16日,5
499,真的是一款會玩到生氣的遊戲😡😡，原本會自己亂放技能已經夠氣了，更新之後還會站在原地不懂？？？？？？？？？？？？？？😡😡😡😡😡真的是氣死人了！！！！,2018年7月14日,1
500,超好玩,2018年7月17日,5
501,儲檔突然消失了。浪費時間...,2018年7月16日,5
502,糞Game,2018年7月17日,1
503,棒棒棒棒棒棒棒棒棒棒棒棒棒棒棒,2018年7月19日,5
504,"還沒更新前就有很多問題 
迴避不能單獨也不能控制方向-有時候只想讓一隻退卻只能全跑，有時還自己跑到敵人的技能範圍，靠近牆壁就只會貼在牆上，有時候明明已經迴避技能了，技能比較長的，還會跑回去吃技能，像第5章的隆隆岩旁的中boss。 
技能-我玩一段時間了，好技能洗不到成功率一直掉又不能用失敗回升成功率，等到成功率掉到要用稀有的，這隻等於廢了，而且也不能選擇保留原來技能，如果最後洗出的是撞擊之類的，這隻只能拿去農 
精靈介面-同樣的精靈不點進去看跟本不知道他的技能(有些技能圖長的超像)，也沒有鎖定角色不讓自己拿錯農掉 
boss-有些boss技能幾乎無cd，第四章風速狗撞來撞去迴避鍵也不是一按就馬上迴避，又附加燒傷，那個階段p力石又沒有減狀態，跟本只能硬打，第七章霸王花也很誇張，血量到一定以下，一直狂射砲，彈飛距離超遠，如果沒裝一些移動，回到它身邊差不多又要被射一次",2018年7月13日,2
505,1.03版更新不了，一直顯示下載中，殘念！,2018年7月23日,5
506,終於修好了……,2018年7月22日,5
507,一堆設計問題，這也能叫精選.....我醉了,2018年7月16日,2
508,不怎麼好玩,2018年7月17日,1
509,非常好,2018年7月20日,5
510,健美卡住,2018年7月15日,1
511,原地等死,2018年7月14日,1
512,怪獸卡原地,2018年7月14日,1
513,不錯玩,2018年7月17日,5
514,很口愛,2018年7月16日,5
515,更新完，10場裡面有7場會卡一隻寶貝不動，而且偏好卡坦角，都更新這麼久了，還不改善嗎？？？？？？？？？？？,2018年7月16日,1
516,卡死,2018年7月16日,1
517,"1.這遊戲沒有遠攻近戰的差別，都一樣普攻會把臉貼在怪物上面打 2.角色卡住不動，不放招也不打怪的現象超多次 
3.這遊戲的AI真的有夠聰明，每次看到王要丟大招，我們的寶可夢都會直接靠近用臉直接接大招，尤其是12-9的夢幻放破壞死光的時候，真的是標準送頭 
4.不要再信水砲威武了，反正一樣被系統走路坑到死，閃避通常都要預知王會放招才能順利躲過 玩到真的會火氣上來",2018年7月16日,1
518,很好玩,2018年7月13日,5
519,怪力常常一放技能就當掉……,2018年7月13日,1
520,在減少恢復體力時間會比較完美 我很喜歡這個遊戲哈哈哈太可愛希望你們可以減少一下,2018年7月7日,5
521,有時岩石系的岩石封鎖 傷害會高達十幾萬 看你們要不要修 不修也好XD,2018年7月7日,5
522,遊戲簡單休閒，之後又可慢慢培養喜歡的寶可夢，同樣的寶可夢有多種可能與玩法，值得遊玩的手機遊戲，最近難得一見的優質作品，課金不會後悔的好遊戲,2018年7月1日,5
523,好玩，但有些字太小或顏色太淡，看不清楚 希望能對已過關的關卡增加一鍵闖關,2018年7月2日,5
524,進入關卡時會卡住，一直卡在讀取畫面，app重開後再進遊戲就顯示全滅。10次大概只有1次能成功進入關卡，體力超級浪費，根本沒辦法玩,2018年6月30日,2
525,好好玩 不過我就嚟打爆機㗎喇 可唔可以盡快更新多啲新嘢玩呀,2018年7月5日,5
526,還不錯，只是希望auto對於狀態提升的技能能夠不要一直施放。然後能綁定Google帳號應該會讓更多人有克金慾望吧,2018年7月24日,3
527,"逃跑的優先程度不高,而且非常容易往怪物懷中鑽,根本不是逃跑而是亂跑,會贏都打到輸,並且容易發生操作沒有反應的情況",2018年7月13日,2
528,好玩 但是鍋子太少了 煮料理抓寶很花時間 加上手機容易發熱 耗電快,2018年6月30日,5
529,遊戲整體不錯，畫質也很好，電池電量消耗能防止小孩子過度沉迷遊戲，改善方面，希望能有登入獎勵和遊覽好友的家園，五星遊戲，謝謝✔,2018年6月29日,5
530,很可愛，希望有些UI功能能做的方便一點像是能在基地探險點神奇寶貝就查看更多跟換方石,2018年6月29日,5
531,我喜歡這遊戲 但是恢復電池可以減少嗎？ 一個電池就要30分鐘 有點久 希望可以改一下,2018年6月29日,5
532,很可愛，對於收藏控簡直讚 不過希望能有加速戰鬥，不然一場地圖都要等好久實在麻煩,2018年6月27日,5
533,這遊戲玩法ok~但太不耐玩好快玩完，希望有多人連線和快點更新。,2018年6月28日,3
534,很輕鬆的休閒小遊戲，有些小彩蛋很有趣，像是寶可夢有時會疊在一起之類的，加油，希望繼續做下去,2018年6月27日,5
535,怪獸很可愛~會讓人想蒐集全部!! 組隊戰鬥的風格也很有趣，回想試試各種怪獸的能力跟隊伍,2018年6月27日,5
536,遊戲順暢，不會花太多時間loading，且控制方式也簡單易懂，最後是因為可以選伊布!!!實在太可愛了！,2018年6月28日,5
537,很可愛的遊戲 但體力回復能不能快一點 不然就是體力儲存的格子可以多一點 加油!希望可以繼續出更多神奇寶貝,2018年6月29日,5
538,雖然這是單人遊戲，但希望日後能增加多人模式，不管是pvp或pve都很期待，出來給5顆星，加油！,2018年6月27日,4
539,好玩，第二天就中乘龍了，不錯玩 但我弟下載後無法順利開啟遊戲，能否協助處理(手機型號:htc 10 evo 系統:安桌7),2018年6月28日,5
540,"Ui沒有任何改善 介面設計不良 許多重點東西操作繁瑣甚至難以尋找 舉例像賓果 跟本沒多少人知道賓果連線了可以幹嘛 
沒有我的最愛功能不小心就會吃到不想吃的寵 排序沒有編號排序明明吃同寵有特別加成找同寵還要找半天",2018年6月27日,2
541,方臉造型敲可愛w 自動戰鬥很讚！！體力雖然很少，不過等待的時刻就先去做其他的事吧～,2018年6月27日,5
542,遊戲本身平衡性極差 戰術撤退的功能常常失效 但是寶可夢太可愛 所以還是給5星...,2018年6月27日,5
543,很可愛的一款遊戲，會一直玩下去！ 希望未來新增互動功能，或是能夠操作寶可夢進行探索，以及玩家好友，探訪彼此的小島之類的∼,2018年6月27日,5
544,"整體風格滿可愛的，忍不住想蒐集全部ヾ(*´∀ ˋ*)ﾉ Loading時間微微覺得有點久，探險只能看牠們自己走然後適當時候放技能，操作上的樂趣少了些 
希望能有社交功能(?)",2018年6月27日,5
545,逃跑鍵 技能施放的問題還有離開遊戲的方式希望能改進 另外如果能更新去別的島嶼和寶可夢的種類能變的更多 這樣會更有趣！！,2018年7月11日,5
546,遊戲很好玩，但是裡面的角色很笨，有一次我打關卡時要讓寶可夢逃跑，但他卻逃到即將放大絕得敵人旁邊自殺。,2018年7月10日,4
547,打第五章魔王某個點寶可夢會卡住 技能也不能按 只能看著被打死 找不到問題回報的地方 就先留言在這裡了,2018年7月3日,1
548,"請你們製作遊戲退出鍵 不然每次要退出遊戲都要用別種方式 很麻煩 還有我更新作業系統後電磁滿了都不會通知 我的手機型號:Samsung Galaxy 
S7 edge Android:8.0.0",2018年6月29日,4
549,雖然好玩 但撤退鍵要等太久 有時候全部不給退 Boss攻擊完了才給退是怎樣 抽寵物也很麻煩 都只能一直做料理,2018年6月29日,2
550,戰鬥節奏過慢，寵物不能捕捉，只能靠料理機率取得，完全失去原作應的樂趣。戰鬥可控性低，迴避的編程員是小學生。,2018年6月28日,3
551,有個小意見 開啟自動放招掛機時 螢幕一樣有休眠功能 時間一到 又得要開螢幕 希望能改善 謝謝~,2018年6月27日,5
552,題材很好  怪物可愛 但電池回復時間太久 怪物走位容易跑到不合理的地方 好的招式太難刷 敵人招式過多  且大多比玩家強大  甚至出現不合理的連段 整體來說讓人玩起來會費時費力  卻無法讓隊伍有進展的感覺 而不想繼續玩下去,2018年7月8日,1
553,我覺得這個遊戲內容有一點小細節没看到為什麼是用食物的味道來吸引寶可夢而不是用寶貝球,2018年7月3日,5
554,煮完食物會卡住當掉，探險也會卡住當掉…遊戲重開直接三隻都是在等復活的狀態然後探險就失敗了體力照扣QQ,2018年6月29日,3
555,Zenfone 5z 一開始的新手訓練 選完夥伴後與拉達戰鬥就閃退,2018年6月27日,3
556,"一個鍋子真的很難刷出素質好的寶可夢 好不容易刷出一隻 拉普拉斯 賓果爛到吃土 刷技能65%機率4次全失敗 
幫寶石海星刷個技能刷到放一隻1~2%是怎樣?? 技能還他喵的停垃圾閃光 逼人課金???",2018年7月7日,3
557,技能常常往沒怪的地方放（尤其是岩石封），還有逃跑常常撞牆（幾乎每一場），然後是鑽地洞如果還被打到就沒有鑽的意義了,2018年7月1日,4
558,Lg G6超級頓，難道是升級8.0不太相容？用小米5低了一大截的手機卻很順…,2018年6月29日,4
559,我不小心刪GM想找回來 沒備份 有跟google綁住 可以幫我救回來嗎？ 我有課金,2018年7月6日,5
560,唯一的缺點是招式不平衡。 屬性克制應該更突出，初期刷個兩隻落石大岩蛇就可以無視屬性一路碾壓真的失去遊戲的意義了。,2018年7月6日,4
561,很好玩的遊戲，令人有收集的慾望。希望未來可以更新更多的怪和地圖😊,2018年7月3日,5
562,可以加多人模式變成連機遊戲可以更受歡迎，單人時再不用網路一定很棒，多人的話要加交換寶可夢的機制喔！,2018年12月12日,5
563,卡在一開始的畫面一直轉 不知道有沒有跟我有同樣的問題… HTC one M9,2018年6月30日,3
564,突然說資料異常 要求重製 結果什麼都沒了 還有消費記錄唉 是否太扯,2018年6月29日,1
565,非常有想像力還有兩種遊戲合並就可以一次玩兩種 ，非常方便而且又好玩又有義議！！,2018年6月30日,5
566,會閃退什麼的 買新手機就好 抱怨操作不順的 就不要玩(除了散開卡牆 這些都是這遊戲的特色嘛~ 好遊戲要支持 一昧的抱怨是不優的喔！,2018年7月12日,5
567,希望可以再增加多款神奇寶貝，每次都只有第一季的有點可惜,2018年6月28日,4
568,"希望可以出""隊伍系統""可以讓我們配不同的隊伍這樣不用一直要換神寶",2018年7月7日,5
569,只有五格體力也太少了，等待時間也很久，還有人利用bug修改時間體力無限玩,2018年7月1日,2
570,方方的寶可夢真的很可愛💞但可以自己操作移動感覺會更好玩😂,2018年6月29日,5
571,迴避按鍵時不時就失效，走位又不能控制的很細緻，與勢均力敵的怪物對打時，常常會無法控制，失敗的很憋屈,2018年6月29日,3
572,希望快點第二代小精靈推出 因為寶可夢太可愛了,2018年6月27日,5
573,內容輕鬆有趣，但說真的，現在 2018年了，還沒有結合社群平台oauth雲端備份，真的有點扯,2018年6月27日,4
574,太可愛了希望以後更新能再增加其他地區的寶可夢進去,2018年6月27日,5
575,官方有說ns資料不能通用 請自行睜大眼睛看清楚 好玩的遊戲值得五星,2018年6月27日,5
576,很可愛，玩法也挺新穎，好玩有趣，希望將來會繼續新增更多功能和夢可寶！,2018年6月27日,4
577,"關卡鯉魚王大顯神威, 不知道大家有沒有注意到方可樂島的左下角有一塊小陸地或許就是我們之後要去的新大陸",2018年7月22日,5
578,之前有看過YouTube 鬼鬼玩過 蠻好玩的 剛剛玩了一下 不錯玩 很順,2018年6月27日,5
579,很喜歡這遊戲 但希望招式能多些 然後總覺得有些招式命中率有點低 或者可以改成讓我們自己操控神奇寶貝,2018年7月11日,5
580,好遊戲還不推個? 只是奇遇之島的鯉魚王也太靠北wwwww 叫我們不要小看他的概念,2018年7月10日,5
581,"很好玩 但有時候畫面會被東西擋住 看不到 有些人會被混亂 我就是一個 被擋住我就亂放技能 希望可以把擋住的東西裡面變透明 看的到模型 
至少不會什麼都看不見",2018年7月12日,5
582,大部分都要花錢 希望有遊戲幣可以讓我們得到花錢才買的到的東西,2018年6月30日,5
583,覺得散開鍵有待調整。反應慢就算了，還會笨到讓角色卡牆，直接被絕招爆死。,2018年7月6日,1
584,遊戲是不錯玩，但不能綁定帳號會令到願意花錢的玩家卻步，帳號不能得到全面的保障，誰會願意花錢呢！,2018年6月29日,4
585,剛跟伊布當小夥伴遊戲就閃退 一直無法登入 我想跟伊布一起去冒險😢😢😢,2018年6月28日,5
586,玩半天終於洗到三隻落石蛇，一個當機，回來後告知資料異常，遊戲需要重製什麼都沒有了,2018年6月29日,1
587,散開容易卡牆，自由度很低無法自訂攻擊對象也無法操控寶可夢 也因此容易玩膩,2018年7月6日,2
588,裝備上去的力石竟然還算包包空間，不好！ 只能用食物來吸引寶可夢，並不是用抓的，已經不算是寶可夢遊戲了。,2018年7月1日,3
589,因為還不能下載，先給3星。 裝置不支援，之前希望可以趕快玩到，發現不支援後有點小失望，希望可以盡快改善。 本人裝置[OPPO A37F],2018年6月29日,3
590,為何今時今日仲出沒有綁定賬號遊戲 電話壞了 不見了 連進度也一起沒了 大家盡情玩盡情課金吧,2018年6月27日,1
591,"第一次從備用機換一台手機繼承資料，沒有明確提示不會自動更新存檔，導致記錄遺失，這也有我的疏忽，我認了。 但今天發生遊戲錯誤 
逼我重置遊戲資料，說發生錯誤，幹，無我好好花錢買點衝進度，根本被當白痴，垃圾遊戲",2018年6月30日,1
592,技能的平衡性很差，玩到後面都那幾招而已，沒有搭配技能的必要，導致趣味大減，例如岩石封鎖打單支500滴，落石打範圍2500滴？？我不懂,2018年7月3日,5
593,技能常常往沒怪的地方放（尤其是岩石封），還有逃跑常常撞牆（幾乎每一場），然後是鑽地洞如果還被打到就沒有鑽的意義了,2018年7月1日,4
594,Bug多到傻 成日一係技開唔到 一係玩手動隻寵自己開技 用閃避成日無反應 再唔係衝去食技,2018年7月12日,1
595,第一次看到手遊要自己手動備份的 而且還沒有地方有寫 回朔了好幾天 直接棄坑,2018年7月11日,1
596,早就說不能跟SW連線了，因為這個原因給負評的人是有毛病？,2018年6月27日,5
597,希望能改善不順暢Lag我用switch玩順暢速度還比較快,2018年6月28日,5
598,風格很可愛，可惜不氪金刷怪速度慢，重點是運氣很差刷不到我想要的寶可夢...,2018年6月29日,4
599,想就知道是個有趣的遊戲但搶不到頭香只能頭臭！！,2018年6月26日,5
600,真的很好玩 希望可以趕快加入2代寶可夢 1代圖鑑已經快收集完了,2018年7月7日,5
601,希望可以趕快出多人連線一個人玩久會無聊,2018年7月5日,4
602,建議可以加入多些 寶可夢。 畫風可愛。 希望可以有多一些Boss。,2018年7月5日,4
603,真的!難得一見的優質遊戲! 用食物來引寶可夢也是很新穎~ 但現在好像只有十大關啊？ 希望能再增加一些關卡~寶可夢的種類也希望可以出多一點~,2018年7月6日,5
604,屬性可以寫出來只有顏色搞不清楚，還有技能名稱也寫出來，希望可以新增加好友功能,2018年7月5日,3
605,加上第二，三代的會更好玩，另外地圖出太慢，還有希望出玩家對決的模式,2018年7月4日,4
606,地圖擺滿了就不要讓人買嗎!花了700友好商店禮卷買超夢拱門，不讓擺的，還要拆掉別的才能擺，這樣有甚麼意義...我要退700好友商店禮卷!,2018年7月3日,2
607,我喜歡玩這款遊戲 而且我還用傳奇湯 吸引3隻超夢 這遊戲很推薦,2018年7月2日,5
608,嗰啲寶可夢嘅方塊遊戲好玩可以印到隻迷你龍我已經有一隻迷你龍,2018年7月1日,5
609,很休閒，然後為何大岩蛇是肉盾加遠程攻擊啊啊啊啊啊XD,2018年6月28日,5
610,好玩 簡單 有趣也很可愛 倒是希望做一個退出遊戲選項就好。,2018年6月28日,5
611,超級好玩，遊戲完全沒問題，能順跑，也不會Loading 很久,2018年6月27日,5
612,好玩 但放技能後不能迴避qwq 然後又要等迴避的CD,2018年6月28日,4
613,我只希望我的switch記錄可以移轉過來。 XD,2018年6月27日,5
614,路過踏踏~ 恭喜手機版開始第一天喔！神奇寶貝們變得超萌噠(♡˙︶˙♡),2018年6月27日,5
615,好玩，耐看，後續劇情發展廣 但是目前4-1、5-1、6-1都不知為何點不進去,2018年6月27日,4
616,蠢到不行的散開 死死往牆上鑽 糟糕的數值平衡 沒有續命選項 無法接受,2018年7月11日,1
617,今天進探險關卡就一直卡讀取畫面，重登後寶可夢卻剩半血或直接少一隻，明明一個敵人都還沒遇到，然後剩下的寶可夢遲遲不用技能，直接被打死，花很多體力都這樣子，再扯一點！,2018年7月10日,1
618,好遊戲還不推個? 只是奇遇之島的鯉魚王也太靠北wwwww 叫我們不要小看他的概念,2018年7月10日,5
619,請問如何聯繫官方人員，我的金鑰忘記了可以重找回嗎？ 已有買產品包了請問要怎麼找回。,2018年7月9日,4
620,很爛都會閃退 ，還會頓頓的，自從當掉就沒辦法繼承資料，安全方面程式漏陷很大，不能綁定實在很爛，而且很容易被駭，客服也不能反應ID無人直昇機,2018年7月10日,2
621,到處亂跑，有時候還會自己卡住，閃躲按鍵有沒有根本沒差，可以增加指定攻擊嗎,2018年6月29日,3
622,我在教學卡住了 一直在料理裏如何按也放不了鍋子裏,2018年6月28日,1
623,點解卡美龜成日定左係度唔郁？？ 可唔可以盡快解決下？,2018年6月29日,3
624,zenfone5z 戰鬥時會閃退 希望能盡快修復,2018年6月27日,4
625,觸控有問題 無法把新寶可夢移動到隊伍,2018年6月29日,1
626,超梦的粉色冲击波太强，不按照海星水炮，腕力健美，大岩蛇落石或者变硬，这些这些技能难通关。其他宠物显得鸡肋。,2018年7月14日,5
627,遊戲一直要更新，但是放著半小時毫無動作。結果重新安裝後已可金的帳號被消除，盡快處理，或是退費,2018年7月12日,1
628,果實可以合成嗎？還有火恐龍的火焰漩渦的技能改一下好不好，碰到岩石抵消就算了，打到水面上也消失，太誇張了,2018年7月11日,4
629,我連續抽到7隻大岩蛇 而且level是愈來愈低😑 這真的很煩心耶,2018年7月9日,4
630,什麼時候要更新啦 每天刷12-9刷到花兒都要謝了，就那151隻小芝麻，要嘛就做大一點讓我多花點錢,2018年7月9日,5
631,有BUG？施放招式後，無法散開，但是散開的指令卻依然CD。,2018年6月27日,1
632,化石盔硬爆 根本神角 默默坦Boss等隊友復活,2018年6月28日,5
633,昨天晚上開始無法正常進入關卡，且新的寶可夢來時也會當機需要重新啟動,2018年7月7日,4
634,如果可以同其他玩家对打，拿比賽或有公會戰，排行榜戰鬥及組隊打怪就是最好不過，最後的是每日登入都能簽到拿禮物，咁就好好玩啦！就會多些朋友或好友來下載尼隻遊戲來玩啊！,2018年7月2日,5
635,"之前在LG G4可玩, 但轉移到zenfone 5z就一直閃退, 請儘快修正問題",2018年7月6日,4
636,不好意思想請問 為什麼我20次才進去1次 根本玩不起來啊,2018年6月29日,5
637,一直卡在載入畫面怎麼辦(´・ω・｀) HTC 10 EVO無法順利開啟遊戲餒,2018年6月29日,4
638,"Retreat always fail. It would be better if retreat button is explained more 
in tutorial.",2018年6月28日,3
639,閃躲根本沒用… 範圍技能都丟在詭異的地方… 常當機然後帳號就遺失-.- 看在可愛的份上給三星,2018年7月3日,3
640,12-9打不過但圖鑑都快集滿了，真心覺得不錯但遊戲備份方面有待加強,2018年7月8日,5
641,"如果大家有進入關卡時會卡住，一直卡在讀取畫面。或者是開鍋寶可夢時卡住，持續有類似的問題。可以嘗試重新安裝遊戲，但務必在遊戲內先進行 "" 備份 ""，以及 "" 截圖自己的ID與繼承碼 ""。我有試過可正常繼承備份之後的紀錄，遊戲也恢復正常運行。",2018年7月6日,4
642,自動能快一點就好了~另外看資訊招式的部分等，都要轉換畫面有點麻煩，還需改進,2018年7月5日,4
643,我覺得有些要改進，例如可以把寶可夢加到我的最愛和小隊分類,2018年7月5日,5
644,戰力評估根本沒屁用，有時候戰力比需求高還是被打爆，但有時候比需求低還是能打過，傻眼,2018年7月5日,3
645,希望可以推出更多年代的寵物小精靈！,2018年7月4日,5
646,很好玩 不過想請問會不會更新什麼新東西呢？ 全破了之後會有點不知道幹什麼,2018年7月4日,5
647,好玩不過AI有點笨，後排常常跑到前面送頭,2018年7月2日,5
648,就是爛 用最珍貴的材料七回合的等待給我一隻37等的卡拉卡拉,2018年7月3日,1
649,"完全下載不了,我朋友下載完了,但是更新不了，而且玩兩三分鐘就當機，還要重新開機才能再玩",2018年7月2日,2
650,各項都很好，但希望能有屬性相剋表。然後有PVP、神奇寶貝交換或朋友系統，回避要改善。,2018年7月2日,4
651,風速狗跟烈焰馬一直瘋狂瞬移打的到我跟你性,2018年7月3日,3
652,太好玩了，對於寶可夢迷真是一個神作,2018年6月29日,5
653,不錯！不過有時技能打不到對方，例： 墨海馬是遠攻的，但它的技能「潮旋」是近攻，變相很多時候打不到對方，請改進！,2018年6月29日,4
654,好玩 但放技能後不能迴避qwq 然後又要等迴避的CD,2018年6月28日,4
655,Zenphone5z 選完角就不能玩了,2018年6月27日,1
656,不課金要繼續玩上去的難度很大,2018年6月27日,3
657,我對正常寶可夢反感，但這款我可以😀缺點是操作單純容易膩,2018年7月13日,4
658,無法直接關掉遊戲，要整個跳出來才能關掉,2018年6月27日,3
659,若這game可以有協力系統就更好玩了,2018年6月27日,4
660,zenfone5z戰鬥後馬上閃退，請修正,2018年6月27日,1
661,寶可夢很多技能 但是不好用的很多 希望可以把技能改進一下 讓很多技能 都能變實用,2018年7月9日,4
662,"五天全破解了 基本大家有血高的一隻小拳石 大鋼蛇等等這樣寶可夢撐這基本前面都好打 如果有技能是防禦提高那就用他 有團團那就一定要放 
在來兩只血一般攻擊高的來打怪後面就好打很多了 在來是煮鍋有顏色後面的鍋煮出來有時候有高等寶可夢 小顆粒是等級低的 大顆粒是等級高的 其他大家好好玩",2018年7月9日,4
663,希望能推出城都地區的寶可夢 並且推出更多關卡0w0,2018年7月21日,5
664,Zone fone 5z戰鬥就閃退,2018年6月27日,1
665,好玩是好玩，可愛是可愛。 但消完體力完全根本沒有事情做， 而且1場要等半個小時， 已經不是探險尋寶，應該是發呆耗時了， 等機制改好一點在給回5星。,2018年6月27日,2
666,Zenfone 5z選完角閃退,2018年6月27日,1
667,Zenfone 5z進入戰鬥會閃退,2018年6月27日,1
668,寶可夢經驗值提升太慢希望能改進。,2018年7月1日,4
669,紅米Note5 遊戲時會一直自己旋轉畫面 可以檢查一下嗎,2018年7月10日,3
670,"1. p力石每次拿到金色的 數值有夠低，普通都拿最高。 2. 按逃跑，結果逃跑逃到boss面前，吃BOSS的大招死，是怎樣。 
3.水砲範圍有碰到，結果是怎樣，沒傷害，那我裝有加範圍的P力石，根本沒用啊。 各種問號，又不能直接去網站回報又是怎樣。",2018年7月10日,2
671,我的不知道為什麼會卡在登入畫面，已經很多次了，有時候可以有時又不行。,2018年7月9日,5
672,遊戲平衡做得很爛，只有特定幾隻波可夢跟特定技能才能打贏關卡！,2018年7月4日,1
673,遊戲有重置問題，令遊戲失去進度，希望客服回覆和幫助回複,2018年7月1日,1
674,"遊戲風格很可愛 但戰鬥機制真的爛到不行 撤退按了要不是不退就是退了 卻卡牆 還有有些關卡的 Boss的位移技能又痛又打不到它 然後還無腦的一直開 
真的不知道要怎麼打…… 希望戰鬥機制能給玩家操控 不然看AI玩真的太藍受",2018年7月5日,4
675,我是不知道這遊戲有哪一點會搞到手機熱的要命,2018年7月4日,1
676,引多隻寵的背背龍水池x2同比卡超滑板x1.5 從來未見過有效…,2018年7月4日,3
677,為什麼按散開還會有人跑去前面故意吃招...，還有的是往牆壁撞，大岩蛇的落石很不準@@,2018年7月3日,3
678,玩了第一天覺得不錯 到了第二天就進不了遊戲了 一直卡在待機畫面（htc10evo）,2018年7月2日,4
679,ID不能用中文，不然會無法換機或同機登入，那幹嘛讓人可以命名呢,2018年7月2日,3
680,超梦十分好打,2018年7月7日,5
681,很好玩的遊戲 希望能新增每日登入送素材的系統,2018年7月7日,5
682,整體不錯 撤退鍵希望改進 而非卡牆無法逃跑,2018年7月8日,4
683,大多好像都被電腦控制 希望技能路線等等都可以自己來,2018年7月5日,4
684,一直暗頻是怎樣。要一直點難到不能放打嗎？？ 都自動打怪了還要一直點 很累,2018年7月4日,1
685,希望優化散開機制，有時候散開會全部寶可夢往牆壁鑽,2018年7月1日,4
686,"電話無電時剛好玩緊pokemon 
quest，再開返機開game竟然同我講要重置我所有紀錄，實在太過分，所有進度冇晒，要我開新acc?當玩家付出的時間係乜野? 
咁大間公司如果你係有心做就唔該你盡快回覆我點聯絡你處理，真心失望。",2018年7月4日,1
687,就是爛 用最珍貴的材料七回合的等待給我一隻37等的卡拉卡拉,2018年7月3日,1
688,真的超好玩但希望可以加入一些更多 寶可夢,2018年7月1日,5
689,現在登不進去了還要叫我重製遊戲請改善,2018年7月8日,3
690,"垃圾戰鬥系統,成日俾怪卡系角打,咁個閃避系統有咩用？！",2018年7月3日,2
691,希望能夠與朋友互動 真的是一款很有趣的遊戲！,2018年6月28日,5
692,希望基地可以放大縮小><好可愛的一款遊戲，玩了心情會很好！,2018年6月29日,5
693,太可愛啦啦啦啦💕💕 畫面都很好看 一激邦邦已激綁,2018年6月27日,5
694,我屋獲得到大岩蛇他血量高我喜歡,2018年6月28日,5
695,電擊獸施放技能命中率提高，不然一直打不到,2018年7月11日,4
696,休閒療癒，夜神模擬器會閃退拜託幫解決QQ,2018年7月8日,5
697,更新不了，华为荣耀7i每次点更新到300%你敢信！！！望解决下,2018年11月20日,3
698,找到以前玩GB的感動，希望能跟新更多版本的寶貝，金銀版繼續下去,2018年7月23日,5
699,小隊成員陣亡後CD結束時會閃退，重裝都一樣。,2018年10月7日,1
700,那個3-4是怎樣 正常玩居然過不了 關卡難度設計有問題啊,2018年6月28日,1
701,通關取得的爐子不在身上 ，全部找過都沒有 。應該是個Bug,2018年6月30日,3
702,好不容易可以下載結果上隻手機的繼承碼不給用…,2018年7月11日,1
703,為什麼今天送的兌換券是零張 不是說每天都會送50嗎,2018年7月7日,1
704,按撤退然後撤退不了是因為剛放完技能或正在施放技能，注意要等到技能施放完成才能點撤退鍵。另外技能放不出來是因為點太多次，然後冷卻完後他會自動幫你放，但是不會顯示冷卻條。體力&寶可夢可以刷時間，但是禮券不能。開發商又不是傻瓜，讓你刷錢就賺不到錢了。,2018年7月10日,5
705,好玩是很好玩 但是老出現E100-201是怎麼回事？,2018年6月29日,1
706,カクカクのポケモン、新鮮感が溢れ出した,2018年7月5日,5
707,現在關卡都進不去，還會減體力，除了給差評還能說什麼,2018年7月5日,1
708,我就把傻鴨特訓，只有3Level。不過我覺得寶可夢超可愛!,2018年7月5日,5
709,"備份到另一裝置竟然不是最後玩過的進度, 而是差了一半的進度!!! 試過備份2次也不是最後玩過的進度, 請正視, 不要浪費玩家時間好嗎!!!???",2018年7月8日,3
710,自動戰鬥讓體驗無聊很多但畫面還是很棒,2018年7月7日,4
711,Zenfone 5z 選完角色後會當掉,2018年6月28日,4
712,其实吧 这游戏想玩好 必须要要买合集大礼包,2018年7月1日,5
713,1. 請問可以開發多裝置遊玩嗎？是否可用GOOGLE帳號作為登入？每次都要備份太麻煩了，而且換機要等一天... 2. 煮到LV99的三階寶可夢根本很慘，升到LV100進化成2階，然後...就不能再進化了，這什麼爛設定...,2018年7月4日,2
714,想繼續玩，但電池不夠用，打個五場就沒了。,2018年6月28日,3
715,希望能更新點關卡，破完很久了..每天只能煮湯看神獸,2018年7月6日,3
716,遊戲中螢幕都無法一直恆亮，要要點螢幕才能避免螢幕關閉，真不方便,2018年7月3日,4
717,我希望可以自己移動保可夢地圖應該是有線的啊,2018年7月1日,4
718,為什麼在戰鬥中不能以手動的方式，移動自己的寶可夢,2018年6月30日,2
719,閃避很有問題要馬閃很慢要馬衝去給boss打,2018年6月30日,4
720,不錯完，但沒幾天就破了二週目，有點太少了,2018年7月8日,5
721,好玩，希望能有綁google或fb的備份方式，這樣備份比較方便！,2018年7月7日,5
722,破到最後一關了，雖然我沒花錢，但真的很好玩,2018年7月7日,5
723,很棒的遊戲！希望能持續新增關卡和更多世代的寶可夢！,2018年7月5日,5
724,如果可以在放更多的寶可夢就好了,2018年7月5日,4
725,突然進不去了😭😭 停用或強制停止都不行 他卡在進去的畫面,2018年7月5日,3
726,整體的畫風很可愛，一不小心就越玩越上癮🙈,2018年7月4日,5
727,好玩，第一天就中拉普拉斯，但希望能有快轉工能,2018年7月2日,5
728,希望有隨每日任務可以完成取得獎勵,2018年7月4日,5
729,很好玩，但是我的資料莫名的消失，但是我又沒有備份資料，請問可以找的回來嗎？,2018年7月4日,4
730,超好玩又可愛 音樂也很棒,2018年7月3日,5
731,好玩係好玩，但係係料理方面有D重複，四次岩石料理四次都係大岩蛇,2018年7月1日,4
732,請問會有出之後世代的打算嗎?有的話才想課金,2018年6月30日,5
733,超級可愛的希望可以拿到更多可愛的寶可夢😚😚,2018年6月28日,5
734,"很有趣, 想知道後續會不會更新更多內容",2018年6月30日,5
735,第二次進遊戲開始就進不去了,2018年6月29日,3
736,設定裏有備份，設定ID可保存,2018年6月27日,5
737,真係可以在手機玩到這隻game,2018年6月28日,5
738,好玩第二天就中大岩蛇,2018年6月29日,5
739,5z打個小拉達就當了是怎樣,2018年6月27日,1
740,希望可以增加好友功能 還有增加星號（最愛）功能,2018年7月10日,5
741,更新不了，华为荣耀7i每次点更新到300%你敢信！！！望解决下,2018年11月20日,3
742,希望能出更多新的寶可夢,2018年7月23日,5
743,一戰鬥就閃退,2018年6月27日,1
744,disable auto-sleep and auto display power off,2018年6月28日,5
745,為什麼5z一直閃退,2018年6月27日,1
746,我等咗 好耐 點解仲未登錄,2018年7月5日,1
747,怎麼手動模式 自己控制 而不是電腦,2018年7月5日,5
748,常常無法撤退，技能按了沒辦法用，有時卻又自己用技能，改了給五星,2018年7月6日,4
749,我下載後點進去就一直在同一個畫面跑，進不去。為什麼呢？,2018年7月1日,1
750,迴避到底幹嘛用的 按了還會自己衝上去,2018年7月5日,1
751,自動有很笨蛋也閃避自走牆,2018年7月3日,1
752,精靈經常卡住不動 就站在那裡,2018年7月3日,3
753,玩了一天 閃退後就被遊戲重製了,2018年7月1日,2
754,探險獎勵 已經滿格為什麼沒有辦法點選,2018年6月29日,3
755,我找不到退出遊戲的按鈕在哪,2018年6月30日,4
756,煮湯完侯會影來一些寶可夢,2018年6月30日,5
757,拜託能讓3星J5下載來玩啊啊,2018年6月29日,3
758,戰鬥會閃退希望能改善QQ,2018年6月28日,5
759,电池耗太快 战力难升 求改善,2018年6月28日,3
760,很可愛，但希望能加快探索時的速度,2018年7月7日,4
761,玩三天就開不起來,2018年7月6日,2
762,如果可以一次抓住多一點就好了。,2018年7月6日,5
763,很好玩，但希望有更多精靈,2018年7月5日,5
764,超好玩，希望之後還會出新島嶼之類的,2018年7月6日,5
765,堆疊在一起很好笑，呆呆獸的移動方式超可愛。,2018年7月4日,5
766,我個人認為這個遊戲很好玩,2018年7月3日,5
767,多多石的atk是什麼? 希望能繼續加油ヾ(*´∀｀*)ﾉ好喜歡這遊戲,2018年7月3日,5
768,對無課玩家很不友善,2018年7月2日,1
769,可以出其它的儲值方式嗎,2018年7月1日,4
770,招式同Pokemon都極不平衡,2018年7月1日,1
771,希望新增鎖定功能，避免食錯,2018年6月29日,5
772,如果可以加好友就好啦!請問備份金額是什麼呀?,2018年8月19日,5
773,ausu 5z 閃退不能玩,2018年6月28日,1
774,有非常多寶可夢可收服,2018年6月29日,5
775,希望能持續更新每一代,2018年6月27日,4
776,可以增加社交功能和朋友對戰功能,2018年6月27日,5
777,方形的感覺 讓牠們變可愛了！,2018年6月27日,5
778,非常好玩，如果可以希望增加好友功能、好友對戰攻能,2018年7月3日,5
779,希望查看時可以依種類編排,2018年7月1日,5
780,Asus zf 5z開戰就當機!？,2018年6月27日,1
781,很棒的一款遊戲可是最近卡卡的不知道是手機還是遊戲的問題………,2018年7月9日,5
782,"游戏十分有趣,不过只有一代宝可梦好像",2018年7月9日,5
783,希望有提示 不然會有點浪費材料,2018年7月8日,3
784,希望能出更多的精靈和關卡,2018年7月10日,5
785,Stamina is too less(only 5) and recovery(30 minutes) is too slow,2018年7月10日,3
786,輕鬆愉快的玩耍沒什麼壓力的小遊戲,2018年7月23日,4
787,神作!!不過希望之後可以更新其他世代的寶可夢～,2018年7月23日,5
788,連這種單機像素遊戲都能當的，還是刪遊戲吧,2018年6月30日,5
789,實在太好玩了 只是蛋蛋的顏色怎麼怪怪的,2018年7月17日,1
790,電腦掛機需加強 原本手動可以贏的，電腦掛機直接輸,2018年7月14日,2
791,好好玩我們一起去那玩八,2018年7月9日,5
792,購買探險包後入唔到遊戲,2018年7月9日,1
793,我等咗 好耐 點解仲未登錄,2018年7月5日,1
794,玩一玩螢幕方向一直變很煩,2018年7月4日,3
795,體力時間希望能縮短 縮短我給五星,2018年7月1日,1
796,請問可以幫忙回復紀錄嗎?  手機壞掉但沒有發行繼承碼...,2018年7月1日,5
797,我的神奇寶貝有夠笨，常常撞牆。還有分散的那個有時候按下去不是摩擦牆壁，就是往死角跑然後被關廁所。 丶(`Д´)ノ,2018年6月28日,1
798,遊戲五顆星， 撤退系統爛到不可置信，扣兩顆星,2018年6月30日,3
799,迷你探險包沒有給我皮卡丘,2018年6月29日,4
